gu,dong,dong_canon,lat,lon,is_reliable,n_calls,n_served,n_assigned,n_ride,n_calls_night,n_calls_morning,n_calls_day,n_calls_evening,n_calls_weekday,n_calls_weekend,wait_total_mean,wait_total_p50,wait_total_p90,long_wait_ratio,wait_match_mean,wait_match_p50,wait_match_p90,wait_pickup_mean,wait_pickup_p50,wait_pickup_p90,ride_min_mean,ride_kmh_mean,ride_km_mean,n_canceled,cancel_ratio,cancel_immediate_ratio,cancel_abandoned_ratio,cancel_after_assign_ratio,cancel_other_ratio,cancel_immediate_share,cancel_abandoned_share,cancel_after_assign_share,cancel_other_share,vehicles_3km,n_depots_3km,n_disabled,pop_match,usage_pop,usage_is_grouped,usage_rate,wait_total_mean_gu_mean,wait_total_mean_seoul_mean,wait_total_mean_vs_gu,wait_total_mean_vs_seoul,long_wait_ratio_gu_mean,long_wait_ratio_seoul_mean,long_wait_ratio_vs_gu,long_wait_ratio_vs_seoul,cancel_abandoned_ratio_gu_mean,cancel_abandoned_ratio_seoul_mean,cancel_abandoned_ratio_vs_gu,cancel_abandoned_ratio_vs_seoul,usage_rate_gu_mean,usage_rate_seoul_mean,usage_rate_vs_gu,usage_rate_vs_seoul,vehicles_3km_gu_mean,vehicles_3km_seoul_mean,vehicles_3km_vs_gu,vehicles_3km_vs_seoul
강남구,개포1동,개포1동,37.479282,127.06471,True,325,250,250,248,2,68,249,6,248,77,47.029114,38.623253,87.69259185791013,0.224,23.678741,14.684834,55.945875167846644,23.350370066666667,22.339583333333334,32.64261166666667,30.612633,21.401344,11.898604,75,0.23076923076923075,0.06769230769230769,0.14153846153846153,0.021538461538461538,0.0,0.29333333333333333,0.6133333333333333,0.09333333333333334,0.0,0,0,523.0,canon,523.0,False,0.621414913957935,48.955822,42.65985,0.96064395,1.1024209,0.26681128810094734,0.21003880598714905,0.8395446894107801,1.0664695933079393,0.1421565681443606,0.09424420759839434,0.9956519307270321,1.5018266389548693,3.595819363008134,3.737929726691645,0.17281594296719108,0.16624574547792126,12.318181818181818,37.61395348837209,0.0,0.0
강남구,개포2동,개포2동,37.486477,127.067635,True,2452,1656,1656,1644,11,242,1405,794,2174,278,55.03769,44.17961,102.10802459716797,0.3442028985507246,30.44024,19.380749,72.59439086914062,24.597451097020933,23.611975,36.518141666666665,31.831728,19.679176,10.627875,796,0.32463295269168024,0.04853181076672104,0.19738988580750408,0.07871125611745514,0.0,0.14949748743718594,0.6080402010050251,0.24246231155778894,0.0,23,1,761.0,canon,761.0,False,3.222076215505913,48.955822,42.65985,1.1242317,1.290152,0.26681128810094734,0.21003880598714905,1.2900612301699033,1.6387585947893086,0.1421565681443606,0.09424420759839434,1.3885386259961892,2.094451116281305,3.595819363008134,3.737929726691645,0.896061756787037,0.8619948610852292,12.318181818181818,37.61395348837209,1.867158671586716,0.6114752071225424
강남구,개포4동,개포4동,37.47555,127.05324,True,479,324,324,322,15,33,343,88,426,53,49.19723,40.172142,91.58779983520506,0.27469135802469136,26.19284,15.087,63.9492835998535,23.004391872427984,22.164358333333332,35.145435,28.80566,18.12652,9.302596,155,0.32359081419624214,0.033402922755741124,0.21085594989561587,0.07933194154488518,0.0,0.1032258064516129,0.6516129032258065,0.24516129032258063,0.0,0,0,608.0,canon,608.0,False,0.787828947368421,48.955822,42.65985,1.0049312,1.1532444,0.26681128810094734,0.21003880598714905,1.0295342448958253,1.3078124146330272,0.1421565681443606,0.09424420759839434,1.4832656179592825,2.2373359092172818,3.595819363008134,3.737929726691645,0.21909580761291397,0.21076612054601418,12.318181818181818,37.61395348837209,0.0,0.0
강남구,논현1동,논현1동,37.51191,127.0265,True,1189,799,799,789,38,253,705,193,1011,178,55.81,46.264282,103.89131774902346,0.33917396745932415,30.949018,20.044266,76.97825775146487,24.8609826866917,23.9686,36.793123333333334,32.85747,19.88931,11.531827,390,0.3280067283431455,0.050462573591253154,0.19091673675357443,0.08662741799831791,0.0,0.15384615384615385,0.5820512820512821,0.2641025641025641,0.0,10,1,547.0,canon,547.0,False,2.173674588665448,48.955822,42.65985,1.1400075,1.3082559,0.26681128810094734,0.21003880598714905,1.2712129605663407,1.6148157282901145,0.1421565681443606,0.09424420759839434,1.3430032762165283,2.025766268491891,3.595819363008134,3.737929726691645,0.6045004960557946,0.5815183129698153,12.318181818181818,37.61395348837209,0.8118081180811808,0.26585878570545324
강남구,논현2동,논현2동,37.515205,127.03622,True,919,668,668,664,23,55,757,84,713,206,52.91011,44.004776,99.48289794921875,0.2964071856287425,28.707806,17.657192,71.21091156005862,24.20230508982036,23.03458333333333,36.271615,41.670925,21.159441,15.157646,251,0.2731229597388466,0.056583242655059846,0.1632208922742111,0.05331882480957562,0.0,0.20717131474103587,0.5976095617529881,0.1952191235059761,0.0,0,0,452.0,canon,452.0,False,2.0331858407079646,48.955822,42.65985,1.0807726,1.2402788,0.26681128810094734,0.21003880598714905,1.1109244580259199,1.4112020121028388,0.1421565681443606,0.09424420759839434,1.1481769319899422,1.7318930938413655,3.595819363008134,3.737929726691645,0.5654304722935454,0.5439336716764578,12.318181818181818,37.61395348837209,0.0,0.0
강남구,대치1동,대치1동,37.493393,127.05897,True,522,402,402,398,7,38,346,131,441,81,44.1561,36.06139,86.74277420043958,0.19651741293532338,20.777458,11.030441,55.119360351562506,23.37864195688226,22.763141666666666,35.254105,24.043243,17.039537,7.668975,120,0.22988505747126436,0.02490421455938697,0.1417624521072797,0.06321839080459771,0.0,0.10833333333333334,0.6166666666666667,0.275,0.0,0,0,303.0,canon,303.0,False,1.7227722772277227,48.955822,42.65985,0.9019581,1.035074,0.26681128810094734,0.21003880598714905,0.7365408500294468,0.935624310049387,0.1421565681443606,0.09424420759839434,0.9972275917868201,1.5042033427813013,3.595819363008134,3.737929726691645,0.4791042328073213,0.4608894236094986,12.318181818181818,37.61395348837209,0.0,0.0
강남구,대치2동,대치2동,37.500576,127.066414,True,1177,901,901,887,48,147,760,222,824,353,47.008553,37.94605,90.4011001586914,0.24750277469478357,24.52151,13.778116,63.22343444824219,22.487045800961894,21.27395,33.36405,34.94383,20.579525,12.627999,276,0.2344944774851317,0.044180118946474084,0.12404418011894647,0.06627017841971113,0.0,0.18840579710144928,0.5289855072463768,0.2826086956521739,0.0,0,0,594.0,canon,594.0,False,1.9814814814814814,48.955822,42.65985,0.960224,1.101939,0.26681128810094734,0.21003880598714905,0.9276323219171355,1.1783668904970195,0.1421565681443606,0.09424420759839434,0.8725884546747013,1.316199512733341,3.595819363008134,3.737929726691645,0.5510514521018222,0.5301013198113932,12.318181818181818,37.61395348837209,0.0,0.0
강남구,대치4동,대치4동,37.50166,127.0549,True,668,424,424,418,14,155,410,89,516,152,49.241722,40.990192,91.80974578857422,0.2783018867924528,25.805576,15.072083,65.02209625244139,23.436145518867924,22.79305,34.99831333333333,30.142721,17.542753,9.418529,244,0.3652694610778443,0.07634730538922156,0.2470059880239521,0.041916167664670656,0.0,0.20901639344262296,0.6762295081967213,0.11475409836065574,0.0,0,0,358.0,canon,358.0,False,1.8659217877094971,48.955822,42.65985,1.00584,1.1542872,0.26681128810094734,0.21003880598714905,1.0430663888821603,1.3250022322516932,0.1421565681443606,0.09424420759839434,1.7375629648931625,2.6209142643177192,3.595819363008134,3.737929726691645,0.5189142165774795,0.4991858927644906,12.318181818181818,37.61395348837209,0.0,0.0
강남구,도곡1동,도곡1동,37.489044,127.04098,True,3779,3060,3060,3030,35,244,3288,212,3471,308,52.023518,40.06983,104.68920898437499,0.28986928104575166,29.33753,16.234749,77.35472030639647,22.685988986928106,21.86521666666667,35.108605,36.063477,18.065512,11.416293,717,0.1897327335273882,0.05768721884096322,0.08732468907118285,0.04472082561524213,0.0,0.30404463040446306,0.4602510460251046,0.23570432357043236,0.0,10,1,354.0,canon,354.0,False,10.675141242937853,48.955822,42.65985,1.0626625,1.219496,0.26681128810094734,0.21003880598714905,1.086420605023579,1.3800748851309264,0.1421565681443606,0.09424420759839434,0.6142852926957568,0.9265788454957588,3.595819363008134,3.737929726691645,2.968764602793454,2.8558967191676374,12.318181818181818,37.61395348837209,0.8118081180811808,0.26585878570545324
강남구,도곡2동,도곡2동,37.488213,127.04965,True,886,728,728,717,5,377,410,94,734,152,46.776047,38.521416,86.00458450317386,0.24862637362637363,25.568003,15.195808,61.08966369628908,21.208044024725275,20.038075,31.44975000000002,17.67414,14.248598,4.7962623,158,0.17832957110609482,0.013544018058690745,0.11173814898419865,0.05304740406320542,0.0,0.0759493670886076,0.6265822784810127,0.2974683544303797,0.0,10,1,526.0,canon,526.0,False,1.6844106463878328,48.955822,42.65985,0.9554747,1.0964887,0.26681128810094734,0.21003880598714905,0.9318435340423322,1.183716373066725,0.1421565681443606,0.09424420759839434,0.7860217114324826,1.1856235182150585,3.595819363008134,3.737929726691645,0.4684358351579472,0.4506266221004282,12.318181818181818,37.61395348837209,0.8118081180811808,0.26585878570545324
강남구,삼성1동,삼성1동,37.515396,127.06063,True,2444,1805,1805,1791,29,94,1850,471,2015,429,50.511997,39.124283,97.76529998779299,0.2520775623268698,25.47728,12.000617,69.90546722412111,25.034718744228993,24.093,35.92918333333334,32.931236,21.916075,12.342185,639,0.2614566284779051,0.025777414075286414,0.17716857610474632,0.05851063829787234,0.0,0.09859154929577464,0.6776212832550861,0.2237871674491393,0.0,21,1,283.0,canon,283.0,False,8.636042402826854,48.955822,42.65985,1.0317874,1.184064,0.26681128810094734,0.21003880598714905,0.9447784766568681,1.2001475686463996,0.1421565681443606,0.09424420759839434,1.2462918767483955,1.87988822463997,3.595819363008134,3.737929726691645,2.4016897210326635,2.3103811559535163,12.318181818181818,37.61395348837209,1.7047970479704797,0.5583034499814518
강남구,삼성2동,삼성2동,37.51184,127.04876,True,1550,1116,1116,1111,12,369,1009,160,1252,298,52.16942,46.579834,91.58644104003906,0.3234767025089606,28.204006,20.482141,65.66638946533203,23.965414127837516,22.943475,35.415575000000004,30.9357,18.42178,9.797636,433,0.2793548387096774,0.04064516129032258,0.1774193548387097,0.06129032258064516,0.0,0.14549653579676675,0.6351039260969977,0.21939953810623555,0.0,0,0,586.0,canon,586.0,False,2.645051194539249,48.955822,42.65985,1.0656428,1.2229161,0.26681128810094734,0.21003880598714905,1.2123801238370921,1.5400806578987698,0.1421565681443606,0.09424420759839434,1.2480559790845513,1.8825491704991788,3.595819363008134,3.737929726691645,0.7355906755912494,0.7076246446399416,12.318181818181818,37.61395348837209,0.0,0.0
강남구,세곡동,세곡동,37.471073,127.10435,True,7654,6292,6292,6241,167,3293,3912,282,5971,1683,47.231083,37.817917,90.81409225463867,0.275588048315321,26.559343,15.916942,67.78961639404298,20.67174056473829,19.8615,29.818445,28.485674,20.498375,10.521144,1361,0.17781552129605435,0.0329239613274105,0.10373660830938071,0.04115495165926313,0.0,0.18515797207935342,0.5833945628214549,0.23144746509919176,0.0,33,2,1985.0,canon,1985.0,False,3.855919395465995,48.955822,42.65985,0.9647695,1.1071553,0.26681128810094734,0.21003880598714905,1.0328950108402197,1.3120815794971836,0.1421565681443606,0.09424420759839434,0.7297348948663122,1.1007213170218018,3.595819363008134,3.737929726691645,1.0723340096373113,1.031565512837712,12.318181818181818,37.61395348837209,2.678966789667897,0.8773339928279956
강남구,수서동,수서동,37.486835,127.10057,True,7972,6327,6327,6279,289,1613,5084,986,6368,1604,40.189507,32.883884,75.97018890380859,0.1755966492808598,22.329174,13.0135,56.08689575195319,17.860333623096782,16.906716666666668,28.41954666666667,25.327991,21.098936,9.705397,1642,0.20597089814350225,0.04478173607626693,0.1151530356246864,0.04603612644254892,0.0,0.2174177831912302,0.559074299634592,0.22350791717417784,0.0,33,2,1988.0,canon,1988.0,False,4.010060362173038,48.955822,42.65985,0.8209342,0.94209206,0.26681128810094734,0.21003880598714905,0.658130510634255,0.836020031896408,0.1421565681443606,0.09424420759839434,0.810043722409984,1.2218579641031253,3.595819363008134,3.737929726691645,1.1152007254386564,1.072802501753357,12.318181818181818,37.61395348837209,2.678966789667897,0.8773339928279956
강남구,신사동,신사동,37.52572,127.02139,True,945,742,742,736,15,226,577,127,628,317,54.358723,48.112167,95.01537628173828,0.33423180592991913,29.797789,19.184418,71.40494689941406,24.560936500449237,23.688858333333336,34.904849999999996,23.804289,22.744583,9.58719,202,0.21375661375661376,0.022222222222222223,0.13015873015873017,0.061375661375661375,0.0,0.10396039603960396,0.6089108910891089,0.2871287128712871,0.0,0,0,356.0,canon,356.0,False,2.654494382022472,48.955822,42.65985,1.1103628,1.2742361,0.26681128810094734,0.21003880598714905,1.252689900449277,1.5912859738422274,0.1421565681443606,0.09424420759839434,0.915601240644424,1.3810793625999749,3.595819363008134,3.737929726691645,0.7382168329506454,0.7101509595184133,12.318181818181818,37.61395348837209,0.0,0.0
강남구,압구정동,압구정동,37.530266,127.033485,True,1231,998,998,993,87,521,533,90,1035,196,50.273155,42.4263,92.7626808166504,0.2985971943887776,26.321186,17.023224,64.34048461914064,23.95197254509018,22.838716666666667,35.78653166666667,30.9779,23.609121,11.922862,233,0.1892770105605199,0.021933387489845652,0.10885458976441917,0.05848903330625508,0.0,0.11587982832618025,0.575107296137339,0.3090128755364807,0.0,21,1,483.0,canon,483.0,False,2.548654244306418,48.955822,42.65985,1.0269086,1.1784654,0.26681128810094734,0.21003880598714905,1.1191325393841813,1.4216286984941575,0.1421565681443606,0.09424420759839434,0.7657373217808472,1.1550268450267467,3.595819363008134,3.737929726691645,0.7087826130883018,0.6818357836176265,12.318181818181818,37.61395348837209,1.7047970479704797,0.5583034499814518
강남구,역삼1동,역삼1동,37.50089,127.03549,True,4170,3252,3252,3231,109,436,2496,1129,3428,742,59.731247,47.303,112.47096252441406,0.38407134071340715,35.07912,21.562141,83.14394607543946,24.65212403136531,23.721441666666667,37.48052833333334,35.856777,18.43169,11.38596,916,0.21966426858513188,0.030695443645083934,0.1383693045563549,0.050599520383693045,0.0,0.13973799126637554,0.6299126637554585,0.23034934497816595,0.0,10,1,732.0,canon,732.0,False,5.69672131147541,48.955822,42.65985,1.220105,1.4001747,0.26681128810094734,0.21003880598714905,1.4394868502268718,1.8285732434458137,0.1421565681443606,0.09424420759839434,0.9733585043769507,1.4681995645397343,3.595819363008134,3.737929726691645,1.584262371486241,1.5240311423718087,12.318181818181818,37.61395348837209,0.8118081180811808,0.26585878570545324
강남구,역삼2동,역삼2동,37.4985,127.04489,True,1239,1016,1016,1014,17,213,698,311,915,324,54.68016,46.034805,96.39929962158203,0.32677165354330706,28.737865,18.484333,68.08883285522461,25.942295685695537,25.758133333333333,37.57041666666666,33.934517,21.168669,12.144381,222,0.1791767554479419,0.023405972558514933,0.11299435028248588,0.042776432606941084,0.0,0.13063063063063063,0.6306306306306306,0.23873873873873874,0.0,10,1,659.0,canon,659.0,False,1.8801213960546281,48.955822,42.65985,1.1169287,1.2817711,0.26681128810094734,0.21003880598714905,1.2247294927779588,1.5557680020486317,0.1421565681443606,0.09424420759839434,0.7948584561195909,1.1989527331376382,3.595819363008134,3.737929726691645,0.5228631380642508,0.5029846823039876,12.318181818181818,37.61395348837209,0.8118081180811808,0.26585878570545324
강남구,일원1동,일원1동,37.493385,127.08925,True,2816,2279,2279,2252,30,641,1912,233,2135,681,41.52507,34.25,76.19318542480471,0.19306713470820536,23.353678,14.53005,56.59277496337893,18.171391487494514,17.311566666666668,27.281646666666678,28.21194,19.945312,10.311115,536,0.1903409090909091,0.026988636363636364,0.11434659090909091,0.049005681818181816,0.0,0.1417910447761194,0.6007462686567164,0.2574626865671642,0.0,23,1,1091.0,canon,1091.0,True,5.996333638863428,48.955822,42.65985,0.84821516,0.97339934,0.26681128810094734,0.21003880598714905,0.7236093198394175,0.9191974492562004,0.1421565681443606,0.09424420759839434,0.8043707892059653,1.2133009956045198,3.595819363008134,3.737929726691645,1.667584779299678,1.6041857598459037,12.318181818181818,37.61395348837209,1.867158671586716,0.6114752071225424
강남구,일원2동,일원2동,37.493385,127.08925,True,3726,3172,3172,3143,183,993,2322,228,2780,946,40.226757,33.761894,72.44750900268555,0.16488020176544765,20.608847,11.757725,52.541354751586915,19.61791128625473,19.05666666666667,28.662123333333334,28.592388,18.534494,9.530093,554,0.14868491680085882,0.03247450348899624,0.08480944712828771,0.03140096618357488,0.0,0.2184115523465704,0.5703971119133574,0.2111913357400722,0.0,23,1,,,1091.0,True,5.996333638863428,48.955822,42.65985,0.821695,0.94296527,0.26681128810094734,0.21003880598714905,0.6179656150944621,0.7849987576844997,0.1421565681443606,0.09424420759839434,0.5965918299474096,0.8998902881086203,3.595819363008134,3.737929726691645,1.667584779299678,1.6041857598459037,12.318181818181818,37.61395348837209,1.867158671586716,0.6114752071225424
강남구,일원본동,일원본동,37.48237,127.08467,True,4483,3567,3567,3513,22,586,3430,445,3705,778,41.783466,34.033615,79.46223297119141,0.1900756938603869,22.208513,12.68455,57.06671905517578,19.574955303242685,18.805783333333334,29.237230000000004,30.780056,21.620565,12.047358,915,0.2041043943787642,0.04282846308275708,0.11108632612090118,0.050189605175105956,0.0,0.2098360655737705,0.5442622950819672,0.2459016393442623,0.0,23,1,688.0,canon,688.0,False,6.515988372093023,48.955822,42.65985,0.85349333,0.9794564,0.26681128810094734,0.21003880598714905,0.7123974971721296,0.9049551246830856,0.1421565681443606,0.09424420759839434,0.7814364652366435,1.1787072007043304,3.595819363008134,3.737929726691645,1.81210114143275,1.7432078312130745,12.318181818181818,37.61395348837209,1.867158671586716,0.6114752071225424
강남구,청담동,청담동,37.524536,127.05051,True,996,759,759,745,14,114,745,123,730,266,45.157387,35.19055,91.05050048828129,0.21212121212121213,23.068228,11.470834,62.0175445556641,22.08916229688186,20.963833333333334,32.455993333333346,36.144077,22.39659,13.606308,237,0.23795180722891565,0.04317269076305221,0.13755020080321284,0.0572289156626506,0.0,0.18143459915611815,0.5780590717299579,0.24050632911392406,0.0,21,1,523.0,canon,523.0,False,1.904397705544933,48.955822,42.65985,0.92241096,1.0585454,0.26681128810094734,0.21003880598714905,0.7950233801238448,1.0099143876022152,0.1421565681443606,0.09424420759839434,0.967596521207026,1.4595082743902905,3.595819363008134,3.737929726691645,0.5296143975240686,0.509479269218491,12.318181818181818,37.61395348837209,1.7047970479704797,0.5583034499814518
강동구,강일동,강일동,37.568943,127.17262,True,10384,8701,8701,8645,103,4318,5210,753,8090,2294,46.20686,36.923115,89.44893646240234,0.27996781979082863,27.551367,16.256884,68.25261688232422,18.655494178830022,17.91033333333333,27.61495,25.537926,20.682808,9.8925705,1677,0.1614984591679507,0.02446070878274268,0.1024653312788906,0.03457241910631741,0.0,0.15146094215861658,0.6344663088849135,0.21407274895646988,0.0,0,0,1773.0,canon,1773.0,False,5.856739988719684,37.83862,42.65985,1.2211561,1.0831463,0.16608075147720894,0.21003880598714905,1.6857330985117096,1.3329337808555153,0.08535323837162519,0.09424420759839434,1.200485573057696,1.0872321375498128,3.1881820179851896,3.737929726691645,1.8370155642559336,1.5668405820735825,16.666666666666668,37.61395348837209,0.0,0.0
강동구,고덕제1동,고덕1동,37.563347,127.15031,True,3936,3547,3547,3526,2,537,3270,127,3756,180,32.872448,25.823833,65.09844665527345,0.12207499295179025,18.511713,9.729,48.67647705078126,14.360735424302227,13.853166666666668,22.762096666666668,22.127792,19.003199,7.6342816,386,0.09806910569105691,0.01524390243902439,0.06605691056910569,0.01676829268292683,0.0,0.15544041450777202,0.6735751295336787,0.17098445595854922,0.0,0,0,686.0,canon,686.0,False,5.737609329446064,37.83862,42.65985,0.8687539,0.7705711,0.16608075147720894,0.21003880598714905,0.7350339630932032,0.5812020896712736,0.08535323837162519,0.09424420759839434,0.7739238935668273,0.7009121542047017,3.1881820179851896,3.737929726691645,1.7996492349179034,1.5349698225932913,16.666666666666668,37.61395348837209,0.0,0.0
강동구,고덕제2동,고덕2동,37.565865,127.16164,True,2423,2036,2036,2016,15,745,1429,234,1992,431,41.591705,32.877808,80.02436065673828,0.21218074656188604,24.225801,12.722908,62.62402534484863,17.36590469875573,16.258558333333333,26.254358333333332,23.062471,18.534698,8.173329,387,0.15971935617003716,0.035905901774659514,0.09533635988444078,0.028477094510936857,0.0,0.2248062015503876,0.5968992248062015,0.17829457364341086,0.0,0,0,913.0,canon,913.0,False,2.6538882803943045,37.83862,42.65985,1.0991867,0.97496134,0.16608075147720894,0.21003880598714905,1.2775757857225456,1.010197832560846,0.08535323837162519,0.09424420759839434,1.1169624223201633,1.0115885348699674,3.1881820179851896,3.737929726691645,0.832414292980506,0.709988810502117,16.666666666666668,37.61395348837209,0.0,0.0
강동구,길동,길동,37.539726,127.145905,True,6599,5616,5616,5577,318,1318,4445,518,5728,871,34.764664,27.921108,66.11652374267578,0.1282051282051282,18.873957,9.941383,48.65450096130371,15.890709146486229,14.704825,25.212699999999998,21.382244,17.113743,7.0257335,980,0.148507349598424,0.03242915593271708,0.08243673283830884,0.03364146082739809,0.0,0.21836734693877552,0.5551020408163265,0.22653061224489796,0.0,20,1,2055.0,canon,2055.0,False,3.211192214111922,37.83862,42.65985,0.91876143,0.814927,0.16608075147720894,0.21003880598714905,0.7719445333959826,0.6103878166826575,0.08535323837162519,0.09424420759839434,0.9658301713097518,0.874714053404735,3.1881820179851896,3.737929726691645,1.0072173407907477,0.859083088475843,16.666666666666668,37.61395348837209,1.2,0.5317175714109065
강동구,둔촌제1동,둔촌1동,37.523144,127.140434,True,764,584,584,579,9,309,332,114,538,226,41.723263,34.36345,77.372868347168,0.20376712328767124,22.901985,12.985725,58.13451347351077,18.82127691210046,18.185633333333335,27.816898333333334,25.319685,19.413113,9.030234,180,0.2356020942408377,0.112565445026178,0.09424083769633508,0.028795811518324606,0.0,0.4777777777777778,0.4,0.12222222222222222,0.0,20,1,570.0,canon,570.0,False,1.3403508771929824,37.83862,42.65985,1.1026635,0.9780452,0.16608075147720894,0.21003880598714905,1.2269159518803958,0.9701403620630868,0.08535323837162519,0.09424420759839434,1.104127265634768,0.9999642428734334,3.1881820179851896,3.737929726691645,0.42041228186840895,0.3585810796874707,16.666666666666668,37.61395348837209,1.2,0.5317175714109065
강동구,둔촌제2동,둔촌2동,37.531513,127.147415,True,8012,7134,7134,7071,133,693,6653,533,7171,841,38.742744,30.45475,75.91279067993165,0.179843005326605,21.74755,11.210167,56.908984374999996,16.995197631062517,16.658558333333332,25.913796666666666,31.50789,19.977257,11.56883,872,0.10883674488267599,0.038442336495257114,0.04730404393409885,0.02309036445332002,0.0,0.3532110091743119,0.43463302752293576,0.2121559633027523,0.0,20,1,942.0,canon,942.0,False,8.505307855626327,37.83862,42.65985,1.0238942,0.90817815,0.16608075147720894,0.21003880598714905,1.082864833684743,0.8562370390622409,0.08535323837162519,0.09424420759839434,0.5542149874634938,0.5019305179547691,3.1881820179851896,3.737929726691645,2.667761064972495,2.2754060342258438,16.666666666666668,37.61395348837209,1.2,0.5317175714109065
강동구,명일제1동,명일1동,37.550373,127.14594,True,2662,2215,2215,2200,5,439,1872,346,2188,474,37.263687,29.256166,70.88660736083985,0.16027088036117382,20.52056,10.8305,52.7271453857422,16.74313072234763,15.655949999999999,26.748586666666675,26.475937,18.384989,9.073072,445,0.16716754320060107,0.03268219383921863,0.09917355371900827,0.035311795642374154,0.0,0.19550561797752808,0.5932584269662922,0.21123595505617979,0.0,20,1,791.0,canon,791.0,False,3.365360303413401,37.83862,42.65985,0.9848057,0.8735072,0.16608075147720894,0.21003880598714905,0.9650177936674835,0.7630536633834215,0.08535323837162519,0.09424420759839434,1.1619190508883785,1.0523039690844396,3.1881820179851896,3.737929726691645,1.0555734535947798,0.9003273334386636,16.666666666666668,37.61395348837209,1.2,0.5317175714109065
강동구,명일제2동,명일2동,37.54829,127.154205,True,1529,1260,1260,1253,12,109,1182,226,1207,322,30.781775,24.817451,54.99471130371097,0.08571428571428572,15.645838,9.396,38.5521953582764,15.135934669312169,14.203091666666666,24.36081666666667,17.469584,17.071632,5.746759,268,0.1752779594506213,0.04578155657292348,0.10071942446043165,0.02877697841726619,0.0,0.26119402985074625,0.5746268656716418,0.16417910447761194,0.0,20,1,403.0,canon,403.0,False,3.794044665012407,37.83862,42.65985,0.81350154,0.7215631,0.16608075147720894,0.21003880598714905,0.516100059470457,0.4080878545821196,0.08535323837162519,0.09424420759839434,1.1800304989238088,1.0687067887464272,3.1881820179851896,3.737929726691645,1.1900338950566252,1.0150123042496115,16.666666666666668,37.61395348837209,1.2,0.5317175714109065
강동구,상일동,상일동,37.55135,127.17108,True,7059,6345,6345,6317,21,737,6098,203,6600,459,32.062363,26.5046,57.24862060546875,0.0876280535855004,16.648712,9.616333,41.003029632568364,15.413652146046758,14.808783333333334,23.30717,21.487516,18.542347,7.161643,713,0.10100580818812863,0.032299192520186995,0.050432072531520045,0.01827454313642159,0.0,0.31977559607293127,0.4992987377279102,0.18092566619915848,0.0,0,0,1782.0,base,1782.0,False,3.961279461279461,37.83862,42.65985,0.84734493,0.75158167,0.16608075147720894,0.21003880598714905,0.5276231761121667,0.41719935120399515,0.08535323837162519,0.09424420759839434,0.5908630239890895,0.5351211901152348,3.1881820179851896,3.737929726691645,1.2424884899711088,1.0597522561734989,16.666666666666668,37.61395348837209,0.0,0.0
강동구,성내제1동,성내1동,37.528763,127.12552,True,1460,1131,1131,1123,157,363,609,331,1110,350,40.611797,32.6285,77.16522979736328,0.17329796640141468,21.806742,11.974,54.67788314819336,18.805054465075155,17.92255,28.473883333333333,26.439285,21.905575,9.766241,329,0.22534246575342465,0.023287671232876714,0.14589041095890412,0.056164383561643834,0.0,0.1033434650455927,0.6474164133738601,0.24924012158054712,0.0,30,2,631.0,canon,631.0,False,2.3137876386687797,37.83862,42.65985,1.0732896,0.9519911,0.16608075147720894,0.21003880598714905,1.0434560589352593,0.8250759453089715,0.08535323837162519,0.09424420759839434,1.7092545490037774,1.5480040065760994,3.1881820179851896,3.737929726691645,0.7257388773966569,0.619002444627727,16.666666666666668,37.61395348837209,1.7999999999999998,0.7975763571163597
강동구,성내제2동,성내2동,37.534363,127.12774,True,1958,1562,1562,1543,191,491,992,284,1543,415,37.504787,30.054024,71.56379318237309,0.15364916773367476,20.125607,9.933634,53.548093795776374,17.37917988689714,16.509025,27.31019333333333,20.138247,17.66651,6.9502726,394,0.20122574055158324,0.03677221654749745,0.13432073544433096,0.03013278855975485,0.0,0.18274111675126903,0.6675126903553299,0.14974619289340102,0.0,30,2,1051.0,canon,1051.0,False,1.862987630827783,37.83862,42.65985,0.9911775,0.8791589,0.16608075147720894,0.21003880598714905,0.9251473537242505,0.7315275242189083,0.08535323837162519,0.09424420759839434,1.5737040328745688,1.4252412839706385,3.1881820179851896,3.737929726691645,0.5843416782098033,0.4984009243203912,16.666666666666668,37.61395348837209,1.7999999999999998,0.7975763571163597
강동구,성내제3동,성내3동,37.528404,127.1338,True,980,786,786,776,21,187,534,238,671,309,36.222958,30.124332,64.88127517700195,0.1272264631043257,19.334072,10.62425,45.378217697143555,16.88888619592875,15.459225,26.393475,21.101194,18.836773,7.947616,194,0.19795918367346937,0.06020408163265306,0.09285714285714286,0.044897959183673466,0.0,0.30412371134020616,0.4690721649484536,0.2268041237113402,0.0,30,2,868.0,canon,868.0,False,1.1290322580645162,37.83862,42.65985,0.95730126,0.8491112,0.16608075147720894,0.21003880598714905,0.7660518270341812,0.6057283677003471,0.08535323837162519,0.09424420759839434,1.0879158732425116,0.9852822281963235,3.1881820179851896,3.737929726691645,0.35413042658650395,0.3020474809899106,16.666666666666668,37.61395348837209,1.7999999999999998,0.7975763571163597
강동구,암사제1동,암사1동,37.551853,127.13458,True,2709,2337,2337,2305,65,748,1573,323,2317,392,41.967857,32.888718,81.19179229736329,0.22807017543859648,24.999264,13.65695,61.54343643188478,16.968593139352446,16.256116666666667,26.216383333333336,22.251059,18.463474,7.511195,370,0.13658176448874124,0.03248431155407899,0.07862679955703211,0.02547065337763012,0.0,0.23783783783783785,0.5756756756756757,0.1864864864864865,0.0,20,1,1661.0,canon,1661.0,False,1.6309452137266707,37.83862,42.65985,1.1091276,0.98377883,0.16608075147720894,0.21003880598714905,1.3732486962518007,1.0858478002038854,0.08535323837162519,0.09424420759839434,0.9211929278499501,0.8342878736069047,3.1881820179851896,3.737929726691645,0.5115596300732436,0.4363231341885559,16.666666666666668,37.61395348837209,1.2,0.5317175714109065
강동구,암사제2동,암사2동,37.55738,127.123245,True,805,678,678,674,87,159,508,51,600,205,33.156513,26.318417,62.47575035095218,0.11061946902654868,16.226828,9.201892,46.17681732177735,16.929689036381514,16.452333333333335,25.42550166666667,17.839428,17.031229,6.3253517,127,0.15776397515527948,0.04596273291925466,0.08571428571428572,0.02608695652173913,0.0,0.29133858267716534,0.5433070866141733,0.16535433070866143,0.0,20,1,487.0,canon,487.0,False,1.6529774127310062,37.83862,42.65985,0.8762612,0.7772299,0.16608075147720894,0.21003880598714905,0.6660583363372417,0.5266620542173372,0.08535323837162519,0.09424420759839434,1.0042300368392414,0.9094912875658371,3.1881820179851896,3.737929726691645,0.518470213873054,0.44221735923163497,16.666666666666668,37.61395348837209,1.2,0.5317175714109065
강동구,암사제3동,암사3동,37.561504,127.13851,True,650,572,572,571,6,326,289,29,558,92,44.144714,33.863068,88.75140380859375,0.2744755244755245,27.304264,15.216583,68.15110168457029,16.84045166083916,15.984058333333333,24.05172333333333,33.69527,18.976477,10.796183,78,0.12,0.02923076923076923,0.06923076923076923,0.021538461538461538,0.0,0.24358974358974358,0.5769230769230769,0.1794871794871795,0.0,0,0,560.0,canon,560.0,False,1.1607142857142858,37.83862,42.65985,1.1666577,1.0348071,0.16608075147720894,0.21003880598714905,1.6526630692250355,1.3067848257160533,0.08535323837162519,0.09424420759839434,0.8111088759086181,0.7345891168800992,3.1881820179851896,3.737929726691645,0.364067759985615,0.3105233031605458,16.666666666666668,37.61395348837209,0.0,0.0
강동구,천호제1동,천호1동,37.546318,127.13858,True,1869,1660,1660,1641,14,332,1306,217,1425,444,37.358166,30.669342,71.91566314697268,0.1493975903614458,20.383686,10.8883915,53.356955718994165,16.974479287148593,15.705575,27.32553833333335,17.134295,14.931461,5.193866,207,0.11075441412520064,0.023542001070090957,0.06634563937934725,0.02086677367576244,0.0,0.21256038647342995,0.5990338164251208,0.18840579710144928,0.0,20,1,1389.0,canon,1389.0,False,1.345572354211663,37.83862,42.65985,0.98730254,0.8757219,0.16608075147720894,0.21003880598714905,0.8995478948199933,0.7112856581873089,0.08535323837162519,0.09424420759839434,0.7773066452438573,0.7039757781408477,3.1881820179851896,3.737929726691645,0.4220500418799846,0.35997796978451974,16.666666666666668,37.61395348837209,1.2,0.5317175714109065
강동구,천호제2동,천호2동,37.54469,127.12228,True,6197,5387,5387,5351,129,1063,4032,973,5177,1020,35.485348,28.227716,67.28320007324221,0.13458325598663448,18.428852,9.756217,47.44761657714846,17.05649865107357,15.761050000000001,27.442903333333355,23.36409,18.997538,8.275667,807,0.13022430208165242,0.03033725996449895,0.06406325641439406,0.0358237857027594,0.0,0.23296158612143741,0.4919454770755886,0.275092936802974,0.0,30,2,1672.0,canon,1672.0,False,3.7063397129186604,37.83862,42.65985,0.9378077,0.8318207,0.16608075147720894,0.21003880598714905,0.8103483082150141,0.6407542423130551,0.08535323837162519,0.09424420759839434,0.7505662074058017,0.6797580248898556,3.1881820179851896,3.737929726691645,1.162524502054913,0.9915487940965267,16.666666666666668,37.61395348837209,1.7999999999999998,0.7975763571163597
강동구,천호제3동,천호3동,37.539654,127.133194,True,5070,4387,4387,4359,43,1905,2913,209,4147,923,38.6335,30.731716,73.98143310546875,0.17848187827672668,21.752285,11.3255,55.982826995849614,16.881212331889675,15.907399999999999,25.81003666666667,23.827988,17.463778,7.9308186,680,0.1341222879684418,0.045562130177514794,0.0611439842209073,0.027416173570019724,0.0,0.3397058823529412,0.45588235294117646,0.20441176470588235,0.0,20,1,1219.0,canon,1219.0,False,4.159146841673503,37.83862,42.65985,1.0210071,0.9056173,0.16608075147720894,0.21003880598714905,1.0746692599185375,0.8497566791902581,0.08535323837162519,0.09424420759839434,0.7163639644776969,0.6487824109197456,3.1881820179851896,3.737929726691645,1.3045512515317197,1.1126872749838097,16.666666666666668,37.61395348837209,1.2,0.5317175714109065
강북구,미아동,미아동,37.6287,127.02629,True,1738,1409,1409,1401,85,283,1187,183,1373,365,40.12282,30.194717,87.48551025390626,0.18665720369056069,21.452887,9.87895,64.76258544921876,18.669936408800567,17.559900000000003,28.665723333333336,21.954428,15.509611,6.303669,327,0.18814729574223243,0.04142692750287687,0.10126582278481013,0.045454545454545456,0.0,0.22018348623853212,0.5382262996941896,0.2415902140672783,0.0,33,2,1095.0,canon,1095.0,False,1.5872146118721462,37.61294,42.65985,1.0667292,0.94052887,0.14996228136656053,0.21003880598714905,1.2446943457355444,0.8886796076244171,0.08010736307473437,0.09424420759839434,1.2641262787583762,1.0745044747613264,2.1566432665520527,3.737929726691645,0.7359653014889735,0.4246239838427763,31.692307692307693,37.61395348837209,1.04126213592233,0.8773339928279956
강북구,번제1동,번1동,37.637627,127.03055,True,1904,1643,1643,1634,74,227,1372,231,1613,291,31.647215,26.890667,52.83428878784179,0.07181984175289105,14.04255,9.090217,33.88323211669922,17.60466475958612,16.960233333333335,26.861896666666667,21.614624,16.037027,6.648812,261,0.1370798319327731,0.032563025210084036,0.07195378151260504,0.032563025210084036,0.0,0.23754789272030652,0.524904214559387,0.23754789272030652,0.0,63,3,849.0,canon,849.0,False,2.24263839811543,37.61294,42.65985,0.8413916,0.7418501,0.14996228136656053,0.21003880598714905,0.4789193729144338,0.34193605993592086,0.08010736307473437,0.09424420759839434,0.8982168274029613,0.7634822695865175,2.1566432665520527,3.737929726691645,1.0398745276500283,0.5999680470452121,31.692307692307693,37.61395348837209,1.9878640776699028,1.6749103499443552
강북구,번제2동,번2동,37.629517,127.0348,True,4561,3947,3947,3925,53,1038,3185,285,3841,720,32.88696,26.889433,60.48765258789063,0.10184950595388903,15.727879,9.226883,40.975233459472655,17.15907943585846,16.613383333333335,26.34326,21.929878,16.171381,6.5465417,609,0.1335233501425126,0.037272527954395965,0.06862530146897611,0.02762552071914054,0.0,0.2791461412151067,0.5139573070607554,0.20689655172413793,0.0,33,2,1282.0,canon,1282.0,False,3.5577223088923557,37.61294,42.65985,0.8743522,0.7709113,0.14996228136656053,0.21003880598714905,0.6791674881561253,0.4849080410413329,0.08010736307473437,0.09424420759839434,0.856666588874654,0.728164660913816,2.1566432665520527,3.737929726691645,1.6496573003379864,0.9517895115811108,31.692307692307693,37.61395348837209,1.04126213592233,0.8773339928279956
강북구,번제3동,번3동,37.623783,127.042336,True,5534,4850,4850,4826,100,2200,2596,638,4194,1340,40.509796,32.17311,80.92774353027346,0.20329896907216494,21.929022,10.682667,60.37599525451666,18.58077306185567,18.358641666666667,28.112800000000004,24.814503,17.590872,7.9378285,682,0.12323816407661728,0.03668232743043007,0.0610769786772678,0.025478857968919407,0.0,0.29765395894428154,0.49560117302052786,0.20674486803519063,0.0,33,2,1867.0,canon,1867.0,False,2.96411355115158,37.61294,42.65985,1.0770175,0.94960004,0.14996228136656053,0.21003880598714905,1.3556673532808612,0.9679114681531922,0.08010736307473437,0.09424420759839434,0.7624390110093551,0.6480714330745605,2.1566432665520527,3.737929726691645,1.3744106858666876,0.7929826850370053,31.692307692307693,37.61395348837209,1.04126213592233,0.8773339928279956
강북구,삼각산동,삼각산동,37.617126,127.01683,True,2583,2107,2107,2101,160,1138,1221,64,1992,591,46.045055,37.8546,88.90857696533205,0.25961082107261507,24.309492,11.538333,65.72041015625001,21.73556049675684,20.8615,32.75983333333334,25.598976,16.397923,7.9298196,476,0.1842818428184282,0.030584591560201317,0.11459543166860241,0.03910181958962447,0.0,0.16596638655462184,0.6218487394957983,0.21218487394957983,0.0,31,2,1219.0,canon,1219.0,False,2.118949958982773,37.61294,42.65985,1.2241812,1.0793535,0.14996228136656053,0.21003880598714905,1.7311741239654455,1.2360136016413035,0.08010736307473437,0.09424420759839434,1.430523078904659,1.2159413781368011,2.1566432665520527,3.737929726691645,0.9825222334384758,0.5668779548882014,31.692307692307693,37.61395348837209,0.9781553398058253,0.8241622356869049
강북구,삼양동,삼양동,37.62379,127.01469,True,1743,1370,1370,1362,7,554,910,272,1440,303,43.39905,34.810368,83.65333938598634,0.23065693430656933,22.445625,10.531359,61.735604476928735,20.95342290754258,19.959108333333333,32.93537166666669,26.26895,15.57228,7.1419535,371,0.21285140562248994,0.07114170969592656,0.08777969018932874,0.05393000573723465,0.0,0.33423180592991913,0.4123989218328841,0.25336927223719674,0.0,31,2,1366.0,canon,1366.0,False,1.2759882869692534,37.61294,42.65985,1.1538329,1.0173278,0.14996228136656053,0.21003880598714905,1.5380996621594647,1.0981634237659958,0.08010736307473437,0.09424420759839434,1.0957755544572931,0.9314067402782669,2.1566432665520527,3.737929726691645,0.5916547751586417,0.3413622995257862,31.692307692307693,37.61395348837209,0.9781553398058253,0.8241622356869049
강북구,송중동,송중동,37.617706,127.03292,True,2459,1997,1997,1987,40,602,1358,459,1865,594,39.6345,31.372883,80.02766418457033,0.17926890335503254,19.974901,9.670217,59.03475112915039,19.6595970372225,18.65826666666667,29.26284,22.713217,16.449041,6.909853,461,0.18747458316388776,0.02277348515656771,0.11671411142740952,0.04798698657991053,0.0,0.12147505422993492,0.6225596529284165,0.2559652928416486,0.0,31,2,1346.0,canon,1346.0,False,1.826894502228826,37.61294,42.65985,1.0537463,0.929082,0.14996228136656053,0.21003880598714905,1.1954266214237987,0.8535037252401867,0.08010736307473437,0.09424420759839434,1.4569710816535517,1.238422120590868,2.1566432665520527,3.737929726691645,0.8471009232554187,0.4887450101545296,31.692307692307693,37.61395348837209,0.9781553398058253,0.8241622356869049
강북구,송천동,송천동,37.61822,127.02487,True,2121,1876,1876,1865,26,567,1068,460,1672,449,38.709663,31.2187,73.05091857910156,0.15884861407249468,18.923988,9.79945,51.63305854797363,19.785676803482588,18.813966666666666,30.319916666666664,22.490198,15.966502,6.5575647,245,0.11551155115511552,0.030645921735030647,0.06223479490806223,0.02263083451202263,0.0,0.2653061224489796,0.5387755102040817,0.19591836734693877,0.0,31,2,1330.0,canon,1330.0,False,1.5947368421052632,37.61294,42.65985,1.0291581,0.9074027,0.14996228136656053,0.21003880598714905,1.0592571186898179,0.7562822180688535,0.08010736307473437,0.09424420759839434,0.7768923170021421,0.660356710443842,2.1566432665520527,3.737929726691645,0.7394532358867394,0.42663638931401954,31.692307692307693,37.61395348837209,0.9781553398058253,0.8241622356869049
강북구,수유제1동,수유1동,37.62993,127.00884,True,2346,1768,1768,1755,72,613,1522,139,1984,362,39.862232,31.455534,77.71923675537109,0.167420814479638,20.995695,9.812641,60.356389617919916,18.86653697209653,18.3848,29.28398333333333,24.47051,15.160221,6.6382184,577,0.24595055413469735,0.12830349531116794,0.07502131287297528,0.042625745950554135,0.0,0.5216637781629117,0.3050259965337955,0.1733102253032929,0.0,20,1,1223.0,canon,1223.0,False,1.9182338511856092,37.61294,42.65985,1.059801,0.93442035,0.14996228136656053,0.21003880598714905,1.1164194953156432,0.7970946782561762,0.08010736307473437,0.09424420759839434,0.9365095790631109,0.7960310217967542,2.1566432665520527,3.737929726691645,0.8894534765837272,0.5131808223915952,31.692307692307693,37.61395348837209,0.6310679611650485,0.5317175714109065
강북구,수유제2동,수유2동,37.6454,127.0195,True,1150,965,965,960,8,244,758,140,773,377,34.997063,30.7125,59.78176040649414,0.09948186528497409,16.246866,9.583667,40.956466674804695,18.75019485319516,18.210500000000003,29.14215,23.956516,15.642934,7.12513,185,0.1608695652173913,0.04,0.08782608695652173,0.03304347826086956,0.0,0.24864864864864866,0.5459459459459459,0.20540540540540542,0.0,43,2,1114.0,canon,1114.0,False,1.0323159784560143,37.61294,42.65985,0.9304527,0.8203747,0.14996228136656053,0.21003880598714905,0.6633792469574762,0.47363564469634606,0.08010736307473437,0.09424420759839434,1.0963547367622917,0.9318990439261547,2.1566432665520527,3.737929726691645,0.478667934779235,0.2761731904921854,31.692307692307693,37.61395348837209,1.3567961165048543,1.1431927785334488
강북구,수유제3동,수유3동,37.640453,127.023544,True,2399,1975,1975,1971,46,373,1635,345,1980,419,32.668636,27.530666,57.06113052368165,0.08759493670886076,15.046978,9.153,37.89269180297853,17.62165841350211,16.56245,27.79270333333334,21.483782,14.650011,6.2394304,423,0.17632346811171323,0.04210087536473531,0.07253022092538558,0.06169237182159233,0.0,0.23877068557919623,0.41134751773049644,0.34988179669030733,0.0,63,3,1137.0,canon,1137.0,False,2.109938434476693,37.61294,42.65985,0.86854774,0.7657935,0.14996228136656053,0.21003880598714905,0.5841131243845773,0.4170416809273813,0.08010736307473437,0.09424420759839434,0.9054126629748146,0.7695987135300747,2.1566432665520527,3.737929726691645,0.9783437377893148,0.5644671218429114,31.692307692307693,37.61395348837209,1.9878640776699028,1.6749103499443552
강북구,우이동,우이동,37.660355,127.00032,True,2296,1976,1976,1959,125,344,1530,297,1782,514,34.22827,29.377808,58.97444152832031,0.09412955465587045,15.37281,9.265392,38.595916748046875,18.85545923582996,18.47161666666667,28.961533333333335,28.512897,17.341143,8.967042,317,0.13806620209059234,0.027874564459930314,0.07142857142857142,0.03876306620209059,0.0,0.20189274447949526,0.5173501577287066,0.2807570977917981,0.0,0,0,1050.0,canon,1050.0,False,2.1866666666666665,37.61294,42.65985,0.91001314,0.80235326,0.14996228136656053,0.21003880598714905,0.6276882013136672,0.44815316014331963,0.08010736307473437,0.09424420759839434,0.8916605001956404,0.7579094063048641,2.1566432665520527,3.737929726691645,1.0139213566658216,0.5849940546105543,31.692307692307693,37.61395348837209,0.0,0.0
강북구,인수동,인수동,37.63764,127.00396,True,6257,5557,5557,5525,226,890,4771,370,5399,858,34.25701,29.12845,61.883082580566416,0.10887169335972648,15.962989,9.271733,41.08782196044925,18.29402289604703,17.505666666666666,29.241313333333345,28.341894,16.364014,8.552272,699,0.11171487933514465,0.030046348090139043,0.05034361515103085,0.031324916093974746,0.0,0.26895565092989987,0.45064377682403434,0.2804005722460658,0.0,0,0,1728.0,canon,1728.0,False,3.620949074074074,37.61294,42.65985,0.9107773,0.803027,0.14996228136656053,0.21003880598714905,0.7259938457031457,0.5183408506254203,0.08010736307473437,0.09424420759839434,0.6284517829411499,0.534182592585017,2.1566432665520527,3.737929726691645,1.6789745110989494,0.9687044270034718,31.692307692307693,37.61395348837209,0.0,0.0
강서구,가양제1동,가양1동,37.5731,126.83435,True,6626,5647,5647,5621,107,971,4502,1046,5325,1301,38.293423,29.87395,73.99459075927734,0.16362670444483796,20.414518,10.0686,53.714540863037115,17.87890463963166,16.60895,28.339686666666683,28.425304,18.540325,10.070127,975,0.14714760036220947,0.024147298520977967,0.07998792635073951,0.043012375490492,0.0,0.1641025641025641,0.5435897435897435,0.2923076923076923,0.0,25,2,747.0,canon,747.0,False,8.870147255689425,40.381054,42.65985,0.94830173,0.8976455,0.19550386923185548,0.21003880598714905,0.836948675684709,0.7790308256410925,0.09854486376462379,0.09424420759839434,0.8116904655913081,0.8487304248086466,2.8775140745294725,3.737929726691645,3.082573021694033,2.3730107049230664,26.55,37.61395348837209,0.9416195856873822,0.664646964263633
강서구,가양제2동,가양2동,37.568657,126.854004,True,8347,7022,7022,6992,404,1469,5980,494,7095,1252,39.380672,30.626583,76.8354362487793,0.1825690686414127,20.324734,9.647358,55.107100296020555,19.055938908667997,18.196283333333334,29.816573333333334,25.230822,19.049015,8.494031,1320,0.15814064933509045,0.024799329100275547,0.08829519587875884,0.045046124356056066,0.0,0.15681818181818183,0.5583333333333333,0.28484848484848485,0.0,0,0,2208.0,canon,2208.0,False,3.7803442028985508,40.381054,42.65985,0.97522646,0.92313194,0.19550386923185548,0.21003880598714905,0.9338386465635475,0.8692158945741815,0.09854486376462379,0.09424420759839434,0.8959898314908986,0.9368766328325853,2.8775140745294725,3.737929726691645,1.3137535056250622,1.0113470501877106,26.55,37.61395348837209,0.0,0.0
강서구,가양제3동,가양3동,37.562683,126.8623,True,2710,2236,2236,2227,68,864,1366,412,2123,587,45.297905,34.849216,88.33691787719727,0.26028622540250446,24.458559,11.662867,62.29624938964844,20.839344476744188,20.135141666666666,31.270166666666668,27.919441,20.77298,10.85524,472,0.174169741697417,0.03394833948339483,0.0918819188191882,0.048339483394833946,0.0,0.19491525423728814,0.527542372881356,0.2775423728813559,0.0,0,0,1444.0,canon,1444.0,False,1.8767313019390581,40.381054,42.65985,1.1217613,1.0618392,0.19550386923185548,0.21003880598714905,1.3313609926247605,1.2392292185208371,0.09854486376462379,0.09424420759839434,0.9323866846946974,0.9749343875936372,2.8775140745294725,3.737929726691645,0.6522057766983951,0.5020777379889668,26.55,37.61395348837209,0.0,0.0
강서구,공항동,공항동,37.55649,126.79496,True,5414,4454,4454,4406,390,1391,2710,923,4381,1033,44.995693,32.621284,93.35635147094729,0.2566232599910193,26.577795,12.0321665,71.53623123168946,18.417895722945666,17.25946666666667,28.213015,32.730614,19.414982,12.046033,957,0.17676394532693018,0.04008127077946066,0.1014037680088659,0.03527890653860362,0.0,0.22675026123301986,0.5736677115987461,0.19958202716823406,0.0,25,2,1200.0,canon,1200.0,False,4.511666666666667,40.381054,42.65985,1.1142774,1.0547551,0.19550386923185548,0.21003880598714905,1.3126249674715134,1.2217897487320533,0.09854486376462379,0.09424420759839434,1.0290111948510139,1.0759681745214602,2.8775140745294725,3.737929726691645,1.5679042916251968,1.206996117249063,26.55,37.61395348837209,0.9416195856873822,0.664646964263633
강서구,등촌제1동,등촌1동,37.555855,126.859634,True,1836,1529,1529,1519,15,462,1171,188,1481,355,38.061638,29.724884,71.31844024658204,0.17069980379332897,19.218569,9.5644,49.345835113525396,18.843068999345977,17.61638333333333,30.25490333333334,22.691381,18.162405,7.78248,306,0.16666666666666666,0.06100217864923747,0.05991285403050109,0.0457516339869281,0.0,0.3660130718954248,0.35947712418300654,0.27450980392156865,0.0,37,2,717.0,canon,717.0,False,2.5606694560669454,40.381054,42.65985,0.94256175,0.89221215,0.19550386923185548,0.21003880598714905,0.8731274959621877,0.8127060282554311,0.09854486376462379,0.09424420759839434,0.6079754108098828,0.635719218796019,2.8775140745294725,3.737929726691645,0.889889463524401,0.6850501864125024,26.55,37.61395348837209,1.3935969868173257,0.9836775071101769
강서구,등촌제2동,등촌2동,37.545734,126.86002,True,1046,836,836,833,8,461,524,53,825,221,40.077072,32.720978,75.70167541503906,0.17583732057416268,19.837494,9.873674,53.31366729736328,20.23957960526316,19.569333333333333,30.043525,21.267574,18.770819,6.9156065,210,0.20076481835564053,0.05736137667304015,0.11854684512428298,0.0248565965583174,0.0,0.2857142857142857,0.5904761904761905,0.12380952380952381,0.0,37,2,685.0,canon,685.0,False,1.527007299270073,40.381054,42.65985,0.9924722,0.93945646,0.19550386923185548,0.21003880598714905,0.8994058340893014,0.8371658739334152,0.09854486376462379,0.09424420759839434,1.202973352395456,1.25786876610444,2.8775140745294725,3.737929726691645,0.5306689245368044,0.4085168558322769,26.55,37.61395348837209,1.3935969868173257,0.9836775071101769
강서구,등촌제3동,등촌3동,37.561054,126.84634,True,9638,8139,8139,8060,244,2385,5804,1205,7219,2419,38.29486,30.482784,74.8655334472656,0.16414792972109596,19.547306,9.558117,53.23592300415038,18.74755578080845,17.860599999999998,29.02869666666666,26.346775,17.976591,9.1191635,1499,0.1555301929860967,0.04004980286366466,0.07937331396555301,0.03610707615687902,0.0,0.25750500333555704,0.5103402268178786,0.23215476984656438,0.0,10,1,3469.0,canon,3469.0,False,2.778322283078697,40.381054,42.65985,0.9483373,0.8976792,0.19550386923185548,0.21003880598714905,0.8396147368645,0.781512392196417,0.09854486376462379,0.09424420759839434,0.8054535866540709,0.8422089376971462,2.8775140745294725,3.737929726691645,0.9655286511615082,0.7432783616126796,26.55,37.61395348837209,0.3766478342749529,0.26585878570545324
강서구,발산제1동,발산1동,37.550446,126.82558,True,7196,6190,6190,6159,59,1326,5250,561,6099,1097,36.55873,28.822641,72.95178756713868,0.14927302100161552,18.611982,9.382809,52.55317764282228,17.946747490576197,17.211141666666666,27.57577333333335,25.348164,15.470898,7.3504486,1004,0.13952195664257921,0.03752084491384102,0.07629238465814342,0.025708727070594774,0.0,0.2689243027888446,0.546812749003984,0.18426294820717132,0.0,10,1,1526.0,canon,1526.0,False,4.715596330275229,40.381054,42.65985,0.90534365,0.8569822,0.19550386923185548,0.21003880598714905,0.7635297530842572,0.7106925803546446,0.09854486376462379,0.09424420759839434,0.7741893564373804,0.8095180234657013,2.8775140745294725,3.737929726691645,1.6387743754290125,1.2615529651620536,26.55,37.61395348837209,0.3766478342749529,0.26585878570545324
강서구,방화제1동,방화1동,37.56864,126.81755,True,10650,9708,9708,9644,272,632,9168,578,9907,743,30.71883,24.519833,56.89843406677247,0.08755665430572723,16.529207,9.608059,40.59110069274905,14.189624812869111,13.008991666666667,23.729985000000042,28.714962,19.845823,10.239349,939,0.08816901408450704,0.01652582159624413,0.04863849765258216,0.023004694835680753,0.0,0.18743343982960597,0.5516506922257721,0.26091586794462196,0.0,25,2,1681.0,canon,1681.0,False,6.3355145746579415,40.381054,42.65985,0.7607238,0.7200876,0.19550386923185548,0.21003880598714905,0.44785126069239306,0.4168594174501462,0.09854486376462379,0.09424420759839434,0.4935670495091058,0.516090048312007,2.8775140745294725,3.737929726691645,2.201731915314408,1.6949260788445477,26.55,37.61395348837209,0.9416195856873822,0.664646964263633
강서구,방화제2동,방화2동,37.583805,126.804504,True,6766,5840,5840,5794,106,1590,4065,1005,5226,1540,36.209747,28.231335,71.64487228393556,0.14743150684931508,20.55195,10.314533,53.235724258422856,15.657796247146118,14.004416666666668,25.867778333333334,31.222235,21.520676,13.146016,923,0.13641738102276085,0.03088974283180609,0.07537688442211055,0.03015075376884422,0.0,0.22643553629469124,0.5525460455037919,0.2210184182015168,0.0,25,2,1586.0,canon,1586.0,False,4.266078184110971,40.381054,42.65985,0.8967014,0.84880155,0.19550386923185548,0.21003880598714905,0.7541104297760494,0.701925085492704,0.09854486376462379,0.09424420759839434,0.7648991691961705,0.7998038961006104,2.8775140745294725,3.737929726691645,1.4825568437257965,1.1412943784491043,26.55,37.61395348837209,0.9416195856873822,0.664646964263633
강서구,방화제3동,방화3동,37.581585,126.81554,True,4523,4007,4007,3982,153,1598,2443,329,3358,1165,36.641563,28.382284,72.25899810791016,0.1682056401297729,21.356663,10.340333,55.73550643920898,15.284903697695698,13.65145,25.412006666666667,28.425652,19.741665,10.335916,516,0.11408357284987841,0.028741985407915102,0.05947380057483971,0.025867786867123592,0.0,0.25193798449612403,0.5213178294573644,0.22674418604651161,0.0,25,2,1893.0,canon,1893.0,False,2.38932910723719,40.381054,42.65985,0.90739495,0.85892385,0.19550386923185548,0.21003880598714905,0.860369878052344,0.800831252773663,0.09854486376462379,0.09424420759839434,0.6035200446052061,0.6310605403811892,2.8775140745294725,3.737929726691645,0.8303448898431157,0.6392118851715091,26.55,37.61395348837209,0.9416195856873822,0.664646964263633
강서구,염창동,염창동,37.55321,126.875435,True,1567,1253,1253,1247,10,630,818,109,1239,328,44.053978,35.721115,82.36636657714843,0.257781324820431,23.513529,11.720333,59.11832199096679,20.54045033253525,19.50545,30.908283333333333,24.374374,18.343494,7.620705,312,0.19910657306955967,0.05232929164007658,0.1001914486279515,0.04658583280153159,0.0,0.26282051282051283,0.5032051282051282,0.23397435897435898,0.0,67,3,1044.0,canon,1044.0,False,1.5009578544061302,40.381054,42.65985,1.0909566,1.03268,0.19550386923185548,0.21003880598714905,1.3185484555025266,1.2273033243019054,0.09854486376462379,0.09424420759839434,1.0167089871600068,1.0631045788500904,2.8775140745294725,3.737929726691645,0.5216161643454568,0.4015479059673477,26.55,37.61395348837209,2.5235404896421847,1.7812538642265365
강서구,우장산동,우장산동,37.55057,126.84102,True,4143,3408,3408,3389,115,893,2671,464,3378,765,38.8584,31.490658,74.18259963989259,0.16696009389671362,18.526297,9.474951,50.97973556518556,20.33210081670579,19.26246666666667,31.733565000000006,21.750957,15.776862,6.5842357,734,0.17716630461018584,0.059860004827419745,0.08423847453536085,0.033067825247405265,0.0,0.33787465940054495,0.47547683923705725,0.18664850136239783,0.0,10,1,1252.0,canon,1252.0,False,3.309105431309904,40.381054,42.65985,0.96229285,0.9108892,0.19550386923185548,0.21003880598714905,0.8539989236668728,0.7949011760566229,0.09854486376462379,0.09424420759839434,0.854823593206907,0.8938318511237187,2.8775140745294725,3.737929726691645,1.1499875745528734,0.8852775930163664,26.55,37.61395348837209,0.3766478342749529,0.26585878570545324
강서구,화곡제1동,화곡1동,37.53378,126.840935,True,2319,1929,1929,1922,63,461,1453,342,1832,487,43.189266,33.43878,86.39627380371094,0.223950233281493,22.12305,10.001117,61.76353454589844,21.066217452911697,20.26021666666667,31.683743333333336,29.39326,17.528511,9.334527,389,0.1677447175506684,0.04139715394566624,0.09400603708495041,0.03234152652005175,0.0,0.2467866323907455,0.5604113110539846,0.1928020565552699,0.0,10,1,2190.0,canon,2190.0,False,1.058904109589041,40.381054,42.65985,1.0695428,1.0124102,0.19550386923185548,0.21003880598714905,1.145502818749341,1.0662326527184462,0.09854486376462379,0.09424420759839434,0.9539415195649927,0.9974728365857893,2.8775140745294725,3.737929726691645,0.36799267776377137,0.28328625389280726,26.55,37.61395348837209,0.3766478342749529,0.26585878570545324
강서구,화곡제2동,화곡2동,37.53228,126.85437,True,411,305,305,303,0,194,156,61,333,78,46.22233,36.249382,92.24500122070314,0.26557377049180325,26.102982,11.483117,71.19156188964845,20.119347431693992,19.959333333333333,29.67979666666667,29.276983,16.966059,8.66235,106,0.2579075425790754,0.029197080291970802,0.2116788321167883,0.0170316301703163,0.0,0.11320754716981132,0.8207547169811321,0.0660377358490566,0.0,57,4,777.0,canon,777.0,False,0.528957528957529,40.381054,42.65985,1.1446538,1.0835088,0.19550386923185548,0.21003880598714905,1.3584067237914828,1.2644033527216492,0.09854486376462379,0.09424420759839434,2.148045306779124,2.2460672916771887,2.8775140745294725,3.737929726691645,0.18382448017878886,0.14151082755258138,26.55,37.61395348837209,2.1468926553672314,1.5153950785210832
강서구,화곡제3동,화곡3동,37.544056,126.834274,True,1580,1389,1389,1386,36,715,694,135,1306,274,49.909466,41.545216,93.09121093750001,0.34269258459323254,28.948355,18.572384,66.94130859375002,20.961109023278137,19.978,31.070480000000003,32.791748,20.13012,12.532648,190,0.12025316455696203,0.018354430379746836,0.06518987341772152,0.03670886075949367,0.0,0.15263157894736842,0.5421052631578948,0.30526315789473685,0.0,10,1,813.0,canon,813.0,False,1.943419434194342,40.381054,42.65985,1.2359624,1.16994,0.19550386923185548,0.21003880598714905,1.7528685541605336,1.631567952324961,0.09854486376462379,0.09424420759839434,0.6615248215617683,0.6917122556276039,2.8775140745294725,3.737929726691645,0.6753813826304664,0.5199186652217824,26.55,37.61395348837209,0.3766478342749529,0.26585878570545324
강서구,화곡제4동,화곡4동,37.5361,126.858574,True,992,774,774,771,8,298,597,89,756,236,43.08923,34.071503,82.00956726074222,0.20801033591731266,21.913542,9.845867,61.544532012939484,21.17568873815676,20.734175,30.668233333333333,27.898205,17.424892,8.662139,218,0.21975806451612903,0.028225806451612902,0.14919354838709678,0.04233870967741935,0.0,0.12844036697247707,0.6788990825688074,0.1926605504587156,0.0,37,2,982.0,canon,982.0,False,1.010183299389002,40.381054,42.65985,1.0670655,1.0100652,0.19550386923185548,0.21003880598714905,1.0639704305321205,0.9903424033463583,0.09854486376462379,0.09424420759839434,1.5139657480622055,1.5830527115561277,2.8775140745294725,3.737929726691645,0.35106111498488013,0.2702520842421219,26.55,37.61395348837209,1.3935969868173257,0.9836775071101769
강서구,화곡제6동,화곡6동,37.551723,126.851166,True,3135,2421,2421,2416,50,502,1918,665,2551,584,40.955795,32.571716,82.71571350097656,0.19206939281288724,20.543554,9.582383,60.76821517944336,20.41224108495112,19.605766666666668,31.473716666666668,22.349274,16.088566,6.9402585,713,0.22743221690590112,0.047208931419457735,0.1368421052631579,0.043381180223285486,0.0,0.20757363253856942,0.6016830294530154,0.19074333800841514,0.0,37,2,991.0,canon,991.0,False,3.163471241170535,40.381054,42.65985,1.014233,0.9600548,0.19550386923185548,0.21003880598714905,0.9824326933658015,0.9144471751788512,0.09854486376462379,0.09424420759839434,1.3886274741828024,1.4519948626051082,2.8775140745294725,3.737929726691645,1.099376461499262,0.8463164030562046,26.55,37.61395348837209,1.3935969868173257,0.9836775071101769
강서구,화곡제8동,화곡8동,37.53422,126.84863,True,713,572,572,572,23,204,368,118,487,226,41.61533,35.48703,76.67896652221678,0.18356643356643357,19.316488,10.025392,47.915550613403305,22.298842773892776,21.965191666666662,33.166221666666665,27.720337,16.86345,8.44518,141,0.19775596072931276,0.05329593267882188,0.11360448807854137,0.030855539971949508,0.0,0.2695035460992908,0.574468085106383,0.15602836879432624,0.0,47,3,1020.0,canon,1020.0,False,0.6990196078431372,40.381054,42.65985,1.0305657,0.9755151,0.19550386923185548,0.21003880598714905,0.9389401564668531,0.8739643738865324,0.09854486376462379,0.09424420759839434,1.1528199820732186,1.2054267415844544,2.8775140745294725,3.737929726691645,0.24292482668653498,0.18700715608739474,26.55,37.61395348837209,1.7702448210922788,1.2495362928156302
강서구,화곡본동,화곡본동,37.542572,126.84816,True,1009,796,796,790,55,153,700,101,744,265,35.19714,27.433392,69.7033576965332,0.14321608040201006,16.000248,8.645725,45.17608451843262,19.196891310720268,17.935475,29.94475,26.996588,17.854803,9.05267,213,0.21110009910802777,0.04162537165510406,0.13676907829534193,0.03270564915758176,0.0,0.19718309859154928,0.647887323943662,0.15492957746478872,0.0,37,2,1392.0,canon,1392.0,False,0.7248563218390804,40.381054,42.65985,0.87162507,0.8250648,0.19550386923185548,0.21003880598714905,0.732548572898906,0.6818553349173607,0.09854486376462379,0.09424420759839434,1.3878864211737851,1.4512199930436054,2.8775140745294725,3.737929726691645,0.2519036581802325,0.19391919453783685,26.55,37.61395348837209,1.3935969868173257,0.9836775071101769
관악구,낙성대동,낙성대동,37.46723,126.960045,True,2936,2569,2569,2560,16,319,2489,112,2671,265,37.604652,30.696117,71.36278991699226,0.1405216037368626,19.171518,10.164383,51.09872970581058,18.433135078500065,17.605,28.212666666666664,20.397503,16.755808,6.2238874,366,0.12465940054495914,0.013283378746594006,0.07356948228882834,0.03780653950953679,0.0,0.10655737704918032,0.5901639344262295,0.30327868852459017,0.0,0,0,424.0,canon,424.0,False,6.9245283018867925,48.11757,42.65985,0.7815161,0.8814998,0.2791968428124895,0.21003880598714905,0.5033065643626846,0.6690268642331751,0.10950978444168984,0.09424420759839434,0.671807388389131,0.7806260370115495,2.3309924216506905,3.737929726691645,2.9706352700122434,1.8525036071278773,15.047619047619047,37.61395348837209,0.0,0.0
관악구,난곡동,난곡동,37.470497,126.92105,True,1546,1297,1297,1286,29,655,761,101,1251,295,49.394108,40.669285,91.39209442138672,0.3191981495759445,27.657284,17.333883,67.9016098022461,21.73682512207659,20.908450000000002,30.668383333333335,27.434183,16.122036,8.222442,248,0.16041397153945666,0.04398447606727038,0.08732212160413971,0.02910737386804657,0.0,0.27419354838709675,0.5443548387096774,0.1814516129032258,0.0,22,2,1579.0,canon,1579.0,False,0.9791006966434452,48.11757,42.65985,1.0265296,1.1578593,0.2791968428124895,0.21003880598714905,1.1432727761549943,1.51971036054868,0.10950978444168984,0.09424420759839434,0.7973910463739038,0.9265516027918456,2.3309924216506905,3.737929726691645,0.42003598447999063,0.2619366248787199,15.047619047619047,37.61395348837209,1.4620253164556962,0.584889328551997
관악구,난향동,난향동,37.46159,126.91827,True,2329,1931,1931,1925,9,511,1776,33,2060,269,45.26047,36.141933,86.21150207519531,0.21336095287415846,22.338236,10.502434,63.48749923706055,22.922235974451926,22.765,31.159233333333336,26.778332,15.376603,7.149528,398,0.17088879347359384,0.030914555603263203,0.10390725633319021,0.036066981537140406,0.0,0.18090452261306533,0.6080402010050251,0.21105527638190955,0.0,22,2,713.0,canon,713.0,False,3.2664796633941093,48.11757,42.65985,0.94062257,1.0609617,0.2791968428124895,0.21003880598714905,0.7641954354672023,1.015816824283474,0.10950978444168984,0.09424420759839434,0.9488399311800054,1.1025320174155775,2.3309924216506905,3.737929726691645,1.4013257327885065,0.8738740164291946,15.047619047619047,37.61395348837209,1.4620253164556962,0.584889328551997
관악구,남현동,남현동,37.46247,126.97664,True,1131,968,968,964,18,340,592,181,932,199,62.584366,52.112106,113.3791358947754,0.4225206611570248,38.69141,27.84945,83.81234970092775,23.892957558539944,22.33546666666667,36.104035,32.282154,19.297625,10.96013,162,0.14323607427055704,0.020335985853227233,0.06896551724137931,0.053934571175950484,0.0,0.1419753086419753,0.48148148148148145,0.3765432098765432,0.0,10,1,571.0,canon,571.0,False,1.9807355516637477,48.11757,42.65985,1.3006552,1.4670554,0.2791968428124895,0.21003880598714905,1.5133432631284893,2.011631418162205,0.10950978444168984,0.09424420759839434,0.6297658021425571,0.7317745991909034,2.3309924216506905,3.737929726691645,0.8497391639999804,0.5299017628715162,15.047619047619047,37.61395348837209,0.6645569620253164,0.26585878570545324
관악구,대학동,대학동,37.453476,126.94848,True,855,634,634,628,4,109,530,212,582,273,56.95739,43.434975,107.52933807373049,0.33280757097791797,32.586864,16.793858,79.99659576416018,24.37052350157729,23.510358333333336,35.991569999999996,28.950535,19.010452,10.434408,221,0.2584795321637427,0.07485380116959064,0.14853801169590644,0.03508771929824561,0.0,0.2895927601809955,0.5746606334841629,0.13574660633484162,0.0,0,0,787.0,canon,787.0,False,1.0864040660736975,48.11757,42.65985,1.183713,1.3351521,0.2791968428124895,0.21003880598714905,1.1920176733568357,1.5845051556724254,0.10950978444168984,0.09424420759839434,1.356390321222829,1.576096987614092,2.3309924216506905,3.737929726691645,0.4660693256584512,0.2906432558953559,15.047619047619047,37.61395348837209,0.0,0.0
관악구,미성동,미성동,37.475937,126.91543,True,1953,1668,1668,1664,39,744,1017,153,1550,403,50.170193,41.44722,92.75321731567382,0.3381294964028777,30.37075,19.280357,71.58556594848632,19.79944509392486,19.059966666666668,28.81608166666667,26.315622,16.415327,8.147396,284,0.14541730670762928,0.023553507424475168,0.08090117767537122,0.0409626216077829,0.0,0.1619718309859155,0.5563380281690141,0.28169014084507044,0.0,22,2,1436.0,canon,1436.0,False,1.3600278551532032,48.11757,42.65985,1.0426586,1.1760517,0.2791968428124895,0.21003880598714905,1.2110792263864092,1.6098429755098005,0.10950978444168984,0.09424420759839434,0.7387575282686114,0.8584206895782691,2.3309924216506905,3.737929726691645,0.5834544301907685,0.36384521769940614,15.047619047619047,37.61395348837209,1.4620253164556962,0.584889328551997
관악구,보라매동,보라매동,37.490356,126.932594,True,7943,6851,6851,6830,27,943,6613,360,7466,477,39.334515,31.474783,75.48706817626953,0.1694643117793023,20.89322,10.935833,54.461666107177734,18.441290935629834,17.810283333333334,28.720833333333335,20.049582,15.322395,5.43413,1087,0.1368500566536573,0.01976583154979227,0.07352385748457761,0.04356036761928742,0.0,0.14443422263109476,0.5372585096596136,0.31830726770929163,0.0,10,1,1076.0,canon,1076.0,False,7.381970260223048,48.11757,42.65985,0.8174668,0.92205,0.2791968428124895,0.21003880598714905,0.6069707310161658,0.8068238199262604,0.10950978444168984,0.09424420759839434,0.671390760738156,0.7801419244553153,2.3309924216506905,3.737929726691645,3.1668787043912876,1.9748820336321997,15.047619047619047,37.61395348837209,0.6645569620253164,0.26585878570545324
관악구,삼성동,삼성동,37.46067,126.93014,True,2439,2038,2038,2025,248,1144,863,184,1784,655,53.535004,45.16642,96.92363510131835,0.3518155053974485,31.11105,20.925783,73.15392608642578,22.42395259241086,21.614691666666666,32.73767833333333,22.116915,16.000961,6.5844398,399,0.16359163591635917,0.028290282902829027,0.0959409594095941,0.03936039360393604,0.0,0.17293233082706766,0.5864661654135338,0.24060150375939848,0.0,12,1,1334.0,canon,1334.0,False,1.828335832083958,48.11757,42.65985,1.1125875,1.2549272,0.2791968428124895,0.21003880598714905,1.260098437551925,1.6750024060743036,0.10950978444168984,0.09424420759839434,0.8760948612831883,1.0180037782102236,2.3309924216506905,3.737929726691645,0.784359406363588,0.48913060591488855,15.047619047619047,37.61395348837209,0.7974683544303798,0.31903054284654386
관악구,서림동,서림동,37.47355,126.93921,True,1567,1082,1082,1074,26,344,1142,55,1334,233,52.299397,42.655117,94.65880661010742,0.3835489833641405,30.973223,20.088867,69.92627182006835,21.326171395563772,20.888616666666667,30.81252333333333,23.387636,15.246545,7.0082874,485,0.30950861518825784,0.03254626675175495,0.22782386726228462,0.04913848117421825,0.0,0.10515463917525773,0.7360824742268042,0.15876288659793814,0.0,10,1,902.0,canon,902.0,False,1.737250554323725,48.11757,42.65985,1.0869086,1.225963,0.2791968428124895,0.21003880598714905,1.373758311521218,1.826086287062627,0.10950978444168984,0.09424420759839434,2.0803973674479557,2.4173779277037086,2.3309924216506905,3.737929726691645,0.7452836560890629,0.46476276477817186,15.047619047619047,37.61395348837209,0.6645569620253164,0.26585878570545324
관악구,서원동,서원동,37.480602,126.93344,True,2689,2274,2274,2263,45,359,1873,412,1798,891,42.470078,33.468918,81.66619873046875,0.20712401055408972,23.182604,12.161608,58.57296371459961,19.28747422310173,18.20455833333333,29.516383333333334,21.670744,15.903443,6.292108,415,0.154332465600595,0.02342878393454816,0.09594644849386388,0.03495723317218297,0.0,0.15180722891566265,0.6216867469879518,0.22650602409638554,0.0,10,1,820.0,canon,820.0,False,3.279268292682927,48.11757,42.65985,0.8826314,0.99555147,0.2791968428124895,0.21003880598714905,0.7418565642348456,0.9861225861603989,0.10950978444168984,0.09424420759839434,0.876144985427782,1.0180620214106244,2.3309924216506905,3.737929726691645,1.4068120780764768,0.8772953298898242,15.047619047619047,37.61395348837209,0.6645569620253164,0.26585878570545324
관악구,성현동,성현동,37.489513,126.951164,True,3091,2463,2463,2451,10,1346,1527,208,2360,731,46.19319,37.599117,87.22926940917972,0.25984571660576533,24.884123,13.283883,64.70151519775395,21.30906921775612,20.762666666666668,31.275683333333333,21.112726,15.980195,6.7341433,628,0.2031704949854416,0.05499838240051763,0.1015852474927208,0.046586865092203174,0.0,0.27070063694267515,0.5,0.22929936305732485,0.0,20,2,1442.0,canon,1442.0,False,2.1435506241331486,48.11757,42.65985,0.9600068,1.0828259,0.2791968428124895,0.21003880598714905,0.9306900249594852,1.2371319451400027,0.10950978444168984,0.09424420759839434,0.9276362656600007,1.07789380463157,2.3309924216506905,3.737929726691645,0.919587127020857,0.573459315948766,15.047619047619047,37.61395348837209,1.3291139240506329,0.5317175714109065
관악구,신림동,신림동,37.4869,126.92761,True,1271,951,951,944,119,241,728,183,948,323,41.958622,34.554733,81.05705261230469,0.19558359621451105,22.383884,11.847116,58.440616607666016,19.57473711882229,18.95655,31.37795,25.226196,18.627138,8.92197,320,0.25177025963808025,0.06845003933910307,0.13690007867820614,0.046420141620771044,0.0,0.271875,0.54375,0.184375,0.0,10,1,533.0,canon,533.0,False,2.3846153846153846,48.11757,42.65985,0.8720021,0.9835623,0.2791968428124895,0.21003880598714905,0.7005222345793728,0.9311783853240795,0.10950978444168984,0.09424420759839434,1.250117324001315,1.4526100029572377,2.3309924216506905,3.737929726691645,1.023004348905914,0.6379508334753935,15.047619047619047,37.61395348837209,0.6645569620253164,0.26585878570545324
관악구,신사동,신사동,37.485626,126.918755,True,1355,1152,1152,1143,62,450,602,241,1094,261,44.301945,37.500008,80.25222473144532,0.2482638888888889,25.418821,17.163883,59.11301383972168,18.883121875,17.56605833333333,30.219538333333336,21.544834,15.216609,5.535798,203,0.14981549815498155,0.03468634686346864,0.07380073800738007,0.041328413284132844,0.0,0.2315270935960591,0.49261083743842365,0.27586206896551724,0.0,32,3,941.0,canon,941.0,False,1.4399574920297555,48.11757,42.65985,0.92070204,1.0384927,0.2791968428124895,0.21003880598714905,0.8892073649114456,1.1819905741802712,0.10950978444168984,0.09424420759839434,0.6739191240639909,0.7830798293924796,2.3309924216506905,3.737929726691645,0.6177443901812648,0.3852286151201212,15.047619047619047,37.61395348837209,2.126582278481013,0.8507481142574503
관악구,신원동,신원동,37.4793,126.9267,True,499,418,418,417,2,58,391,48,430,69,39.82455,31.514809,69.62043609619141,0.13636363636363635,20.687365,10.20845,52.78758049011237,19.13718345295056,17.985525,29.399833333333337,19.317299,14.096579,5.345614,81,0.1623246492985972,0.03006012024048096,0.08016032064128256,0.052104208416833664,0.0,0.18518518518518517,0.49382716049382713,0.32098765432098764,0.0,22,2,881.0,canon,881.0,False,0.5664018161180476,48.11757,42.65985,0.8276509,0.933537,0.2791968428124895,0.21003880598714905,0.4884139626722752,0.6492306777442811,0.10950978444168984,0.09424420759839434,0.7319923151155973,0.8505596543701882,2.3309924216506905,3.737929726691645,0.24298741208131025,0.15152821415381632,15.047619047619047,37.61395348837209,1.4620253164556962,0.584889328551997
관악구,은천동,은천동,37.48682,126.94221,True,2976,2297,2297,2284,22,989,1672,293,2221,755,45.552418,37.50738,85.87865142822265,0.24292555507183283,25.144867,14.116767,64.48321838378907,20.407551886518647,19.611716666666666,30.171113333333334,24.477879,16.3897,7.550031,677,0.22748655913978494,0.06149193548387097,0.1226478494623656,0.04334677419354839,0.0,0.27031019202363366,0.5391432791728212,0.19054652880354506,0.0,10,1,1619.0,canon,1619.0,False,1.8381717109326745,48.11757,42.65985,0.9466899,1.0678054,0.2791968428124895,0.21003880598714905,0.8700870419046367,1.156574633578406,0.10950978444168984,0.09424420759839434,1.1199716088170306,1.3013834227882581,2.3309924216506905,3.737929726691645,0.7885790163277213,0.49176197663822796,15.047619047619047,37.61395348837209,0.6645569620253164,0.26585878570545324
관악구,인헌동,인헌동,37.472076,126.96662,True,780,556,556,553,8,305,339,128,626,154,61.82445,54.469276,102.87530899047852,0.447841726618705,36.627934,29.085108,75.40103149414062,25.196521372901678,24.961216666666665,36.91375,25.240961,18.2439,8.567356,224,0.2871794871794872,0.020512820512820513,0.17051282051282052,0.09615384615384616,0.0,0.07142857142857142,0.59375,0.33482142857142855,0.0,10,1,886.0,canon,886.0,False,0.8803611738148984,48.11757,42.65985,1.2848623,1.4492421,0.2791968428124895,0.21003880598714905,1.604035783884127,2.132185643095427,0.10950978444168984,0.09424420759839434,1.5570555761947709,1.8092657878713554,2.3309924216506905,3.737929726691645,0.3776765491118462,0.23552106063644104,15.047619047619047,37.61395348837209,0.6645569620253164,0.26585878570545324
관악구,조원동,조원동,37.482937,126.907524,True,1236,1039,1039,1035,56,291,707,182,916,320,44.534473,35.588215,87.47725219726566,0.25120307988450435,25.378336,12.893066,64.46336517333985,19.156135065768364,18.00728333333333,29.588346666666673,17.842909,16.155642,5.7768126,196,0.15857605177993528,0.030744336569579287,0.08090614886731391,0.04692556634304207,0.0,0.19387755102040816,0.5102040816326531,0.29591836734693877,0.0,44,4,757.0,canon,757.0,False,1.6327608982826949,48.11757,42.65985,0.92553455,1.0439435,0.2791968428124895,0.21003880598714905,0.8997346723337198,1.1959841359023622,0.10950978444168984,0.09424420759839434,0.7388029232254916,0.8584734375621439,2.3309924216506905,3.737929726691645,0.7004574030860454,0.4368088802268131,15.047619047619047,37.61395348837209,2.9240506329113924,1.169778657103994
관악구,중앙동,중앙동,37.484123,126.950615,True,1127,868,868,866,29,251,673,174,904,223,45.504818,36.419476,89.34786682128907,0.2488479262672811,26.800043,15.255751,68.38173675537112,18.704777476958526,17.656466666666667,28.764201666666676,21.60783,17.925373,7.7864103,259,0.22981366459627328,0.049689440993788817,0.12599822537710736,0.05412599822537711,0.0,0.21621621621621623,0.5482625482625483,0.23552123552123552,0.0,10,1,557.0,canon,557.0,False,2.023339317773788,48.11757,42.65985,0.9457007,1.0666896,0.2791968428124895,0.21003880598714905,0.8912992129871936,1.1847711907222827,0.10950978444168984,0.09424420759839434,1.1505659153607142,1.3369333626744189,2.3309924216506905,3.737929726691645,0.868016257359156,0.5412994533646835,15.047619047619047,37.61395348837209,0.6645569620253164,0.26585878570545324
관악구,청룡동,청룡동,37.47805,126.945885,True,2774,2248,2248,2240,30,624,1614,506,2298,476,52.892178,44.25569,97.51346969604492,0.35231316725978645,33.121483,22.849941,75.26601486206054,19.770693609134046,18.711308333333335,29.933234999999996,19.74058,15.270584,5.8453135,526,0.18961788031723142,0.03208363374188897,0.1099495313626532,0.047584715212689255,0.0,0.16920152091254753,0.5798479087452472,0.2509505703422053,0.0,10,1,1142.0,canon,1142.0,False,2.4290718038528896,48.11757,42.65985,1.099228,1.2398585,0.2791968428124895,0.21003880598714905,1.261880914235131,1.6773717866275732,0.10950978444168984,0.09424420759839434,1.004015594800093,1.1666449765399314,2.3309924216506905,3.737929726691645,1.0420762338355198,0.6498441601262538,15.047619047619047,37.61395348837209,0.6645569620253164,0.26585878570545324
관악구,청림동,청림동,37.489414,126.95957,True,1428,1151,1151,1147,10,866,522,30,1253,175,54.58201,49.012115,94.19049835205078,0.3944396177237185,33.66166,26.2344,73.19528198242188,20.9203482768607,20.06045,31.815716666666667,21.596712,16.03052,6.254367,277,0.19397759103641454,0.037815126050420166,0.12044817927170869,0.03571428571428571,0.0,0.19494584837545126,0.6209386281588448,0.18411552346570398,0.0,10,1,614.0,canon,614.0,False,2.3257328990228014,48.11757,42.65985,1.1343467,1.2794702,0.2791968428124895,0.21003880598714905,1.4127653226674444,1.8779368691890763,0.10950978444168984,0.09424420759839434,1.0998850914170428,1.2780433125925161,2.3309924216506905,3.737929726691645,0.9977436552006614,0.6221981334788906,15.047619047619047,37.61395348837209,0.6645569620253164,0.26585878570545324
관악구,행운동,행운동,37.480904,126.960625,True,1454,1169,1169,1160,19,502,829,104,1092,362,43.690125,36.557167,78.18930816650392,0.20701454234388367,23.047901,13.489783,55.740626525878916,20.64222261191902,19.814666666666668,31.061706666666666,24.135818,18.092495,8.3533535,283,0.19463548830811553,0.04126547455295736,0.1203576341127923,0.033012379642365884,0.0,0.21201413427561838,0.6183745583038869,0.1696113074204947,0.0,20,2,994.0,canon,994.0,False,1.4627766599597585,48.11757,42.65985,0.90798694,1.0241508,0.2791968428124895,0.21003880598714905,0.7414644816844008,0.9856014052781731,0.10950978444168984,0.09424420759839434,1.0990582688698338,1.2770825622055826,2.3309924216506905,3.737929726691645,0.6275338548393453,0.3913333762040594,15.047619047619047,37.61395348837209,1.3291139240506329,0.5317175714109065
광진구,광장동,광장동,37.548283,127.10487,True,1483,1246,1246,1242,12,146,931,394,1312,171,34.50708,28.216108,62.04936599731445,0.11235955056179775,17.156748,9.505449,42.04766654968262,17.350332878544677,16.606141666666666,26.53888333333333,21.786531,20.583206,8.206464,235,0.15846257585974377,0.037761294672960216,0.08766014834794336,0.033041132838840186,0.0,0.23829787234042554,0.5531914893617021,0.20851063829787234,0.0,30,2,698.0,canon,698.0,False,2.1246418338108883,40.62461,42.65985,0.84941316,0.8088889,0.1914330688623208,0.21003880598714905,0.5869390864887981,0.534946625856711,0.09006179055337489,0.09424420759839434,0.9733333948761744,0.9301383138738051,3.0001208715904104,3.737929726691645,0.7081854114379674,0.5684006894616929,42.53333333333333,37.61395348837209,0.7053291536050157,0.7975763571163597
광진구,구의제1동,구의1동,37.54149,127.08603,True,1799,1422,1422,1414,22,790,773,214,1481,318,39.719257,33.417774,73.08441772460938,0.17721518987341772,21.958319,11.97575,57.35542755126956,17.760936181434598,16.361441666666664,28.266945000000003,19.148224,16.822374,6.168127,376,0.20900500277932185,0.02556976097832129,0.13062812673707616,0.0528071150639244,0.0,0.12234042553191489,0.625,0.2526595744680851,0.0,41,3,806.0,canon,806.0,False,2.232009925558313,40.62461,42.65985,0.9777142,0.93106884,0.1914330688623208,0.21003880598714905,0.92572924274056,0.8437259440727367,0.09006179055337489,0.09424420759839434,1.4504278222145688,1.3860600037481954,3.0001208715904104,3.737929726691645,0.7439733334394257,0.5971246354954386,42.53333333333333,37.61395348837209,0.9639498432601882,1.0900210213923582
광진구,구의제2동,구의2동,37.551003,127.09445,True,9030,8138,8138,8094,18,568,7677,767,8207,823,34.107845,27.030025,67.400146484375,0.13013025313344803,17.338278,9.290808,46.96980171203614,16.76956887441632,16.16039166666667,27.162245,23.573202,19.28288,7.8664985,887,0.09822812846068661,0.011406423034330012,0.05902547065337763,0.027796234772978958,0.0,0.1161217587373168,0.6009019165727171,0.2829763246899662,0.0,10,1,1028.0,canon,1028.0,False,8.784046692607005,40.62461,42.65985,0.8395858,0.7995303,0.1914330688623208,0.21003880598714905,0.6797689338984482,0.6195533845369978,0.09006179055337489,0.09424420759839434,0.6553885981025032,0.6263034318767328,3.0001208715904104,3.737929726691645,2.927897597655939,2.349976413382592,42.53333333333333,37.61395348837209,0.23510971786833856,0.26585878570545324
광진구,구의제3동,구의3동,37.53509,127.09524,True,2674,2169,2169,2151,23,648,1541,462,2247,427,41.715233,33.727783,77.0124526977539,0.19455970493314892,22.967474,12.157117,58.09686508178711,18.7477564622714,17.504383333333333,28.318633333333334,26.371214,21.592178,10.089956,504,0.18848167539267016,0.02692595362752431,0.11854899027673897,0.043006731488406884,0.0,0.14285714285714285,0.628968253968254,0.22817460317460317,0.0,40,3,772.0,canon,772.0,False,3.4637305699481864,40.62461,42.65985,1.0268463,0.977857,0.1914330688623208,0.21003880598714905,1.0163327897808334,0.9263036133668213,0.09006179055337489,0.09424420759839434,1.3163072769076383,1.257891527741581,3.0001208715904104,3.737929726691645,1.1545303400099374,0.9266441113685286,42.53333333333333,37.61395348837209,0.9404388714733543,1.063435142821813
광진구,군자동,군자동,37.553066,127.07368,True,1277,1076,1076,1068,7,486,634,150,1086,191,44.890415,37.130726,80.44599914550781,0.22211895910780668,24.374437,15.514167,57.467750549316406,20.5159782063197,20.115808333333334,29.067524999999996,19.558483,16.361261,5.9032125,201,0.15740015661707127,0.04385277995301488,0.0908379013312451,0.022709475332811275,0.0,0.27860696517412936,0.5771144278606966,0.14427860696517414,0.0,41,3,769.0,canon,769.0,False,1.6605981794538363,40.62461,42.65985,1.1050054,1.0522872,0.1914330688623208,0.21003880598714905,1.1602956606601509,1.0575139106503813,0.09006179055337489,0.09424420759839434,1.0086175366168215,0.9638565981512133,3.0001208715904104,3.737929726691645,0.5535104252561422,0.4442561259501241,42.53333333333333,37.61395348837209,0.9639498432601882,1.0900210213923582
광진구,능동,능동,37.550655,127.08164,True,1265,987,987,980,8,225,909,123,1026,239,38.274788,29.1165,77.59161987304687,0.18135764944275581,20.46639,9.655884,59.06895980834961,17.80839481594056,16.612550000000002,26.63752,23.24437,18.167208,7.4265714,278,0.21976284584980238,0.03162055335968379,0.14782608695652175,0.04031620553359684,0.0,0.14388489208633093,0.6726618705035972,0.18345323741007194,0.0,41,3,364.0,canon,364.0,False,3.4752747252747254,40.62461,42.65985,0.9421576,0.8972087,0.1914330688623208,0.21003880598714905,0.9473684485160123,0.8634482975200876,0.09006179055337489,0.09424420759839434,1.641385165098544,1.5685429452222408,3.0001208715904104,3.737929726691645,1.1583782367516509,0.9297324934866046,42.53333333333333,37.61395348837209,0.9639498432601882,1.0900210213923582
광진구,자양제1동,자양1동,37.535545,127.080414,True,1896,1686,1686,1675,42,110,1640,104,1626,270,34.633305,27.840641,62.32861518859863,0.11387900355871886,17.639841,9.769333,45.516109466552734,16.993464145907474,15.629833333333332,27.226691666666667,22.81166,18.628407,8.140854,205,0.10812236286919832,0.030063291139240507,0.04588607594936709,0.03217299578059072,0.0,0.2780487804878049,0.424390243902439,0.2975609756097561,0.0,41,3,893.0,canon,893.0,False,2.1231802911534157,40.62461,42.65985,0.8525203,0.81184775,0.1914330688623208,0.21003880598714905,0.5948763410391804,0.5421807795159833,0.09006179055337489,0.09424420759839434,0.5094954882356333,0.48688484012622607,3.0001208715904104,3.737929726691645,0.7076982501801286,0.568009686215421,42.53333333333333,37.61395348837209,0.9639498432601882,1.0900210213923582
광진구,자양제2동,자양2동,37.529335,127.08325,True,2086,1704,1704,1696,59,776,981,270,1722,364,44.002087,35.405807,83.65994873046877,0.24471830985915494,24.366465,12.06295,62.40556640625,19.635620950704226,19.06645,28.45765166666667,23.0258,20.09019,8.08137,382,0.18312559923298177,0.037392138063279005,0.10354745925215723,0.04218600191754554,0.0,0.20418848167539266,0.5654450261780105,0.23036649214659685,0.0,41,3,918.0,canon,918.0,False,2.272331154684096,40.62461,42.65985,1.0831387,1.0314636,0.1914330688623208,0.21003880598714905,1.2783491969987537,1.1651099838861572,0.09006179055337489,0.09424420759839434,1.149737958971514,1.0987143071265144,3.0001208715904104,3.737929726691645,0.757413201648605,0.6079116839618287,42.53333333333333,37.61395348837209,0.9639498432601882,1.0900210213923582
광진구,자양제3동,자양3동,37.53169,127.0712,True,1784,1461,1461,1448,16,637,920,211,1433,351,43.230625,35.611782,80.42828369140625,0.20396988364134155,22.153309,12.562166,57.079498291015625,21.077313906000455,20.308666666666667,31.576616666666666,24.050247,18.899145,8.1309185,321,0.17993273542600896,0.028026905829596414,0.09641255605381166,0.0554932735426009,0.0,0.1557632398753894,0.5358255451713395,0.308411214953271,0.0,31,2,762.0,canon,762.0,False,2.341207349081365,40.62461,42.65985,1.0641487,1.0133797,0.1914330688623208,0.21003880598714905,1.0654892848635116,0.9711057091698626,0.09006179055337489,0.09424420759839434,1.070515647772659,1.0230077636671038,3.0001208715904104,3.737929726691645,0.7803710081321673,0.6263379785776533,42.53333333333333,37.61395348837209,0.7288401253918496,0.8241622356869049
광진구,자양제4동,자양4동,37.533894,127.06377,True,1792,1520,1520,1505,34,710,789,259,1450,342,44.837074,36.60544,85.43963317871093,0.2355263157894737,24.461168,15.010025,63.90419960021976,20.37590539473684,19.458416666666665,30.968516666666666,20.546423,18.031458,6.6404376,272,0.1517857142857143,0.014508928571428572,0.09486607142857142,0.04241071428571429,0.0,0.09558823529411764,0.625,0.27941176470588236,0.0,31,2,933.0,canon,933.0,False,1.9206859592711683,40.62461,42.65985,1.1036924,1.0510368,0.1914330688623208,0.21003880598714905,1.2303324456385583,1.1213466705951665,0.09006179055337489,0.09424420759839434,1.0533442744773023,1.0065984302486477,3.0001208715904104,3.737929726691645,0.6402028589778062,0.5138368293967696,42.53333333333333,37.61395348837209,0.7288401253918496,0.8241622356869049
광진구,중곡제1동,중곡1동,37.56204,127.07772,True,938,810,810,800,21,209,582,126,779,159,36.461323,29.550808,66.5112907409668,0.13333333333333333,18.868704,10.204159,47.48136558532715,17.592618456790124,16.633166666666668,27.22516166666667,25.562311,19.498945,8.82067,128,0.13646055437100213,0.0255863539445629,0.08102345415778252,0.029850746268656716,0.0,0.1875,0.59375,0.21875,0.0,65,3,649.0,canon,649.0,False,1.4453004622496148,40.62461,42.65985,0.8975181,0.8546988,0.1914330688623208,0.21003880598714905,0.6965010493000404,0.6348033293499639,0.09006179055337489,0.09424420759839434,0.899642941362177,0.8597181325249206,3.0001208715904104,3.737929726691645,0.48174741089129475,0.3866580080222152,42.53333333333333,37.61395348837209,1.5282131661442007,1.728082107085446
광진구,중곡제2동,중곡2동,37.55891,127.08459,True,880,738,738,734,14,260,491,115,632,248,41.56454,32.35045,82.45446395874028,0.2181571815718157,23.24668,10.833725,62.18333549499512,18.317861020776874,17.608891666666665,27.583836666666674,23.296194,18.475037,7.7221675,142,0.16136363636363635,0.042045454545454546,0.07954545454545454,0.03977272727272727,0.0,0.2605633802816901,0.49295774647887325,0.24647887323943662,0.0,65,3,863.0,canon,863.0,False,1.0196987253765932,40.62461,42.65985,1.023137,0.9743246,0.1914330688623208,0.21003880598714905,1.139600294078318,1.038651788875449,0.09006179055337489,0.09424420759839434,0.8832319905777594,0.8440354752031441,3.0001208715904104,3.737929726691645,0.3398858809432019,0.2727977249264943,42.53333333333333,37.61395348837209,1.5282131661442007,1.728082107085446
광진구,중곡제3동,중곡3동,37.567852,127.08197,True,1955,1727,1727,1716,5,564,1240,146,1718,237,44.97259,36.619335,87.42896575927735,0.26346265199768387,26.336061,15.453883,66.0083251953125,18.636530920671685,17.916,28.408220000000007,27.864702,17.585028,8.268355,227,0.11611253196930947,0.017902813299232736,0.070076726342711,0.028132992327365727,0.0,0.15418502202643172,0.6035242290748899,0.2422907488986784,0.0,65,3,741.0,canon,741.0,False,2.638326585695007,40.62461,42.65985,1.1070282,1.0542135,0.1914330688623208,0.21003880598714905,1.3762651017581864,1.2543522648562546,0.09006179055337489,0.09424420759839434,0.7780960817249154,0.7435653408146955,3.0001208715904104,3.737929726691645,0.879406763466963,0.7058256250392724,42.53333333333333,37.61395348837209,1.5282131661442007,1.728082107085446
광진구,중곡제4동,중곡4동,37.56391,127.094444,True,2281,1991,1991,1979,101,998,970,212,1872,409,44.826767,36.620785,85.25166320800781,0.24460070316423907,26.631035,16.268717,66.64295196533203,18.195732245102963,17.220216666666666,26.820666666666668,23.106905,17.347485,7.262881,289,0.12669881630863658,0.03156510302498904,0.07321350284962735,0.021920210434020166,0.0,0.2491349480968858,0.5778546712802768,0.17301038062283736,0.0,55,2,1276.0,canon,1276.0,False,1.7876175548589341,40.62461,42.65985,1.1034387,1.0507952,0.1914330688623208,0.21003880598714905,1.2777348481006516,1.164550055475009,0.09006179055337489,0.09424420759839434,0.8129252416565886,0.7768488346956477,3.0001208715904104,3.737929726691645,0.5958485112339126,0.4782373360563718,42.53333333333333,37.61395348837209,1.293103448275862,1.4622233213799927
광진구,화양동,화양동,37.543266,127.07346,True,3926,3391,3391,3364,69,310,3178,369,3502,424,41.626225,32.58305,81.71133422851562,0.1961073429666765,22.443027,11.40405,60.76449966430664,19.183196883908384,18.50745,29.30773333333333,26.127676,19.425585,9.1202545,534,0.1360163015792155,0.026235354049923585,0.0718288334182374,0.03795211411105451,0.0,0.19288389513108614,0.5280898876404494,0.27902621722846443,0.0,41,3,509.0,canon,509.0,False,7.713163064833006,40.62461,42.65985,1.0246553,0.97577053,0.1914330688623208,0.21003880598714905,1.0244172761379982,0.9336719566891609,0.09006179055337489,0.09424420759839434,0.797550581405199,0.7621564788822222,3.0001208715904104,3.737929726691645,2.5709507699748575,2.0634853057175446,42.53333333333333,37.61395348837209,0.9639498432601882,1.0900210213923582
구로구,가리봉동,가리봉동,37.482555,126.88826,True,805,669,669,664,14,97,650,44,667,138,39.7815,31.3685,74.60106811523437,0.15396113602391628,19.39205,9.807616,49.83730087280275,20.389451669157946,19.609333333333332,29.669226666666667,25.63128,17.376617,7.8203826,135,0.16770186335403728,0.034782608695652174,0.07204968944099378,0.06086956521739131,0.0,0.2074074074074074,0.42962962962962964,0.362962962962963,0.0,34,3,617.0,canon,617.0,False,1.3047001620745542,45.163162,42.65985,0.8808396,0.9325279,0.25102826238458203,0.21003880598714905,0.6133219206530764,0.7330128130386353,0.08228062667765654,0.09424420759839434,0.8756580054167115,0.7644999228814282,2.3204038430554723,3.737929726691645,0.5622728845150269,0.349043523412976,38.733333333333334,37.61395348837209,0.8777969018932874,0.9039198713985409
구로구,개봉제1동,개봉1동,37.499886,126.84988,True,3147,2658,2658,2649,51,1048,1769,279,2551,596,41.94153,32.560944,82.409383392334,0.21519939804364183,23.314295,11.974892,62.2562511444092,18.627232292450465,17.908416666666668,28.18191166666667,22.518099,16.436382,6.611533,488,0.15506831903400065,0.025103272958373054,0.09755322529393073,0.032411820781696854,0.0,0.16188524590163936,0.6290983606557377,0.20901639344262296,0.0,30,3,1758.0,canon,1758.0,False,1.7901023890784984,45.163162,42.65985,0.9286668,0.9831616,0.25102826238458203,0.21003880598714905,0.8572715916503082,1.0245697076415894,0.08228062667765654,0.09424420759839434,1.185615973443011,1.035111098919068,2.3204038430554723,3.737929726691645,0.7714615688281738,0.4789020982111605,38.733333333333334,37.61395348837209,0.774526678141136,0.7975763571163597
구로구,개봉제2동,개봉2동,37.49273,126.85636,True,1148,852,852,850,7,372,593,176,791,357,44.465244,36.838715,83.82269287109375,0.22417840375586853,25.48734,15.802225,63.18114967346192,18.977899999999998,18.15674166666667,27.959811666666663,31.833767,18.38314,10.481104,295,0.2569686411149826,0.0740418118466899,0.12630662020905922,0.05662020905923345,0.0,0.288135593220339,0.4915254237288136,0.22033898305084745,0.0,42,4,1458.0,canon,1458.0,False,0.7873799725651578,45.163162,42.65985,0.9845467,1.0423206,0.25102826238458203,0.21003880598714905,0.8930404952268729,1.0673189780443932,0.08228062667765654,0.09424420759839434,1.5350711985201497,1.3402056574903085,2.3204038430554723,3.737929726691645,0.3393288521399568,0.21064600731861527,38.733333333333334,37.61395348837209,1.0843373493975903,1.1166068999629035
구로구,개봉제3동,개봉3동,37.486835,126.85241,True,2089,1623,1623,1612,10,773,1121,185,1571,518,46.560734,34.622284,92.85751495361326,0.28342575477510784,26.900764,12.712617,71.8830581665039,19.659967518997743,18.959333333333333,28.514159999999997,27.002117,16.307636,7.7355757,466,0.22307324078506463,0.027764480612733365,0.1431306845380565,0.052178075634274776,0.0,0.12446351931330472,0.6416309012875536,0.23390557939914164,0.0,32,3,1074.0,canon,1074.0,False,1.9450651769087524,45.163162,42.65985,1.030945,1.0914415,0.25102826238458203,0.21003880598714905,1.129059142913924,1.3493970956607364,0.08228062667765654,0.09424420759839434,1.739542955825881,1.5187212899914608,2.3204038430554723,3.737929726691645,0.8382442490474074,0.5203589470983139,38.733333333333334,37.61395348837209,0.8261617900172117,0.8507481142574503
구로구,고척제1동,고척1동,37.50066,126.863396,True,2401,2055,2055,2044,35,559,1346,461,1891,510,47.6379,39.449116,89.9362014770508,0.2798053527980535,26.68405,16.311832,66.10406494140626,20.953854420113544,19.565116666666665,31.796686666666673,23.003473,17.172169,7.7017584,345,0.14369012911286963,0.01665972511453561,0.09246147438567263,0.03456892961266139,0.0,0.11594202898550725,0.6434782608695652,0.24057971014492754,0.0,52,5,1133.0,canon,1133.0,False,2.119152691968226,45.163162,42.65985,1.0547955,1.1166917,0.25102826238458203,0.21003880598714905,1.1146368545920309,1.3321602714460918,0.08228062667765654,0.09424420759839434,1.1237332300336105,0.9810838962080458,2.3204038430554723,3.737929726691645,0.9132689114916126,0.5669321915914773,38.733333333333334,37.61395348837209,1.342512908777969,1.3824656856683568
구로구,고척제2동,고척2동,37.505856,126.85331,True,1386,1232,1232,1230,14,582,735,55,1225,161,47.99022,37.72314,93.90148849487305,0.32792207792207795,29.530155,15.887917,72.60845489501953,18.46006003787879,17.862116666666665,26.900263333333346,23.787008,15.079149,6.460858,153,0.1103896103896104,0.017316017316017316,0.05988455988455989,0.03318903318903319,0.0,0.1568627450980392,0.5424836601307189,0.3006535947712418,0.0,30,3,1429.0,canon,1429.0,False,0.9699090272918125,45.163162,42.65985,1.0625966,1.1249504,0.25102826238458203,0.21003880598714905,1.3063153718512082,1.5612452012422,0.08228062667765654,0.09424420759839434,0.727808747971309,0.6354189972050882,2.3204038430554723,3.737929726691645,0.4179914760073191,0.2594775980848245,38.733333333333334,37.61395348837209,0.774526678141136,0.7975763571163597
구로구,구로제1동,구로1동,37.49303,126.87546,True,1007,937,937,935,1,705,285,16,925,82,56.11473,55.442432,94.21180877685546,0.43649946638207043,35.542564,34.7225,69.76404266357422,20.57216947705443,19.905283333333333,29.88724333333333,29.390003,21.501537,10.571245,70,0.06951340615690169,0.00893743793445879,0.0407149950347567,0.019860973187686197,0.0,0.12857142857142856,0.5857142857142857,0.2857142857142857,0.0,32,3,555.0,canon,555.0,False,1.8144144144144143,45.163162,42.65985,1.242489,1.3153992,0.25102826238458203,0.21003880598714905,1.7388459061766581,2.078184858891157,0.08228062667765654,0.09424420759839434,0.49483088156659527,0.43201588800297125,2.3204038430554723,3.737929726691645,0.7819390662727145,0.48540624010615374,38.733333333333334,37.61395348837209,0.8261617900172117,0.8507481142574503
구로구,구로제2동,구로2동,37.497456,126.87949,True,6388,5727,5727,5711,26,891,4823,648,6029,359,40.71877,33.2095,75.7644485473633,0.1885804085908853,21.96344,12.014,55.54878234863281,18.755330868401142,18.261166666666668,28.11742,23.644566,16.365524,6.8245435,655,0.10253600500939261,0.027082028804007514,0.04351909830932999,0.031934877896055106,0.0,0.2641221374045801,0.42442748091603055,0.3114503816793893,0.0,32,3,1647.0,canon,1647.0,False,3.878567091681846,45.163162,42.65985,0.9015925,0.95449865,0.25102826238458203,0.21003880598714905,0.7512317808342036,0.8978360341775288,0.08228062667765654,0.09424420759839434,0.5289106326307027,0.4617694754756624,2.3204038430554723,3.737929726691645,1.6715052008251323,1.0376244004765376,38.733333333333334,37.61395348837209,0.8261617900172117,0.8507481142574503
구로구,구로제3동,구로3동,37.48488,126.89498,True,3729,3229,3229,3205,37,473,2640,579,3197,532,49.17204,40.282,93.63094787597657,0.290802105915144,28.216774,17.610617,68.13988189697271,20.955265665324664,20.012166666666666,31.87801666666668,27.811665,16.968557,8.334988,499,0.13381603647090373,0.02654867256637168,0.06436041834271923,0.04290694556181282,0.0,0.19839679358717435,0.48096192384769537,0.32064128256513025,0.0,44,4,941.0,canon,941.0,False,3.962805526036132,45.163162,42.65985,1.0887643,1.1526538,0.25102826238458203,0.21003880598714905,1.1584436873869897,1.3845160876268565,0.08228062667765654,0.09424420759839434,0.7822062244962996,0.6829111303792823,2.3204038430554723,3.737929726691645,1.7078085514709243,1.0601605208730125,38.733333333333334,37.61395348837209,1.1359724612736661,1.169778657103994
구로구,구로제4동,구로4동,37.491535,126.8902,True,1558,1300,1300,1295,6,697,758,97,1361,197,41.259293,35.733418,72.67642822265626,0.17384615384615384,20.452251,12.488199,46.78038864135744,20.807037871794872,20.331916666666665,30.51978166666667,20.939873,16.37678,6.487446,257,0.1649550706033376,0.04878048780487805,0.07573812580231065,0.04043645699614891,0.0,0.29571984435797666,0.4591439688715953,0.245136186770428,0.0,32,3,1397.0,canon,1397.0,False,1.1152469577666428,45.163162,42.65985,0.91356075,0.96716917,0.25102826238458203,0.21003880598714905,0.6925361797701363,0.8276858794216836,0.08228062667765654,0.09424420759839434,0.9204855244846778,0.8036369314606133,2.3204038430554723,3.737929726691645,0.480626232844927,0.2983595303579241,38.733333333333334,37.61395348837209,0.8261617900172117,0.8507481142574503
구로구,구로제5동,구로5동,37.50203,126.88848,True,4089,3524,3524,3501,79,602,2539,869,3273,816,43.260277,34.828667,81.41201324462892,0.21708286038592509,22.715666,11.4095,58.43305130004884,20.544610456867197,19.807008333333336,31.309783333333336,23.439308,17.203777,7.313674,559,0.1367082416238689,0.022254830031792613,0.06896551724137931,0.04548789435069699,0.0,0.16279069767441862,0.5044722719141324,0.33273703041144903,0.0,42,4,1219.0,canon,1219.0,False,3.354388843314192,45.163162,42.65985,0.95786643,1.0140747,0.25102826238458203,0.21003880598714905,0.8647745808531643,1.0335369188834895,0.08228062667765654,0.09424420759839434,0.8381744284904313,0.7317745991909034,2.3204038430554723,3.737929726691645,1.4456056230699843,0.8973921631970015,38.733333333333334,37.61395348837209,1.0843373493975903,1.1166068999629035
구로구,수궁동,수궁동,37.498276,126.82607,True,4080,3407,3407,3376,159,754,2531,636,3352,728,39.812862,31.41155,77.1801513671875,0.1670090989140006,20.84259,10.348884,59.397602844238286,18.97027134331279,18.07473333333333,28.762069999999998,28.291851,18.711468,9.924773,672,0.1647058823529412,0.027450980392156862,0.10784313725490197,0.029411764705882353,0.0,0.16666666666666666,0.6547619047619048,0.17857142857142858,0.0,30,3,1348.0,canon,1348.0,False,3.026706231454006,45.163162,42.65985,0.881534,0.93326306,0.25102826238458203,0.21003880598714905,0.6652999838645187,0.7951344901675875,0.08228062667765654,0.09424420759839434,1.3106747190610177,1.1442945938328342,2.3204038430554723,3.737929726691645,1.3043876998016368,0.8097279651463308,38.733333333333334,37.61395348837209,0.774526678141136,0.7975763571163597
구로구,신도림동,신도림동,37.509735,126.88284,True,2944,2495,2495,2480,69,935,1442,498,2310,634,42.598705,33.651283,82.3774658203125,0.21202404809619238,22.438192,11.714833,60.823082733154294,20.1605110754843,19.06455,29.946623333333328,24.48296,18.004913,8.262109,449,0.15251358695652173,0.017323369565217392,0.09035326086956522,0.04483695652173913,0.0,0.11358574610244988,0.5924276169265034,0.29398663697104677,0.0,89,7,968.0,canon,968.0,False,3.041322314049587,45.163162,42.65985,0.94321793,0.9985667,0.25102826238458203,0.21003880598714905,0.8446222193553882,1.0094517872528983,0.08228062667765654,0.09424420759839434,1.098110995478123,0.9587142082470497,2.3204038430554723,3.737929726691645,1.310686638945064,0.8136381731128453,38.733333333333334,37.61395348837209,2.29776247848537,2.3661431927785337
구로구,오류제1동,오류1동,37.496964,126.84164,True,2788,2508,2508,2494,17,1251,1455,65,2381,407,50.740086,38.853943,96.49741592407231,0.3456937799043062,31.339165,17.401192,76.85258407592774,19.400921271929825,18.460358333333332,28.08008166666668,38.40366,17.21494,11.614694,280,0.10043041606886657,0.016140602582496413,0.058823529411764705,0.025466284074605453,0.0,0.16071428571428573,0.5857142857142857,0.25357142857142856,0.0,30,3,1181.0,canon,1181.0,False,2.3607112616426758,45.163162,42.65985,1.1234839,1.1894108,0.25102826238458203,0.21003880598714905,1.3771109938796218,1.645856718141204,0.08228062667765654,0.09424420759839434,0.7149134831241915,0.6241606875451823,2.3204038430554723,3.737929726691645,1.0173708635709409,0.6315558167895485,38.733333333333334,37.61395348837209,0.774526678141136,0.7975763571163597
구로구,오류제2동,오류2동,37.485264,126.83837,True,7405,6187,6187,6128,356,2505,4024,520,5970,1435,45.393536,36.016,90.1560516357422,0.2493938904153871,25.223362,12.847333,67.09681549072266,20.17017723183018,19.472166666666666,30.4176,32.053207,18.088034,10.032803,1214,0.1639432815665091,0.02187711006076975,0.0925050641458474,0.049561107359891964,0.0,0.13344316309719934,0.5642504118616145,0.30230642504118616,0.0,30,3,2220.0,canon,2220.0,False,3.3355855855855854,45.163162,42.65985,1.005101,1.064081,0.25102826238458203,0.21003880598714905,0.9934892909919002,1.1873705396642082,0.08228062667765654,0.09424420759839434,1.124262999457287,0.9815464154576161,2.3204038430554723,3.737929726691645,1.4375021811691784,0.8923617696092524,38.733333333333334,37.61395348837209,0.774526678141136,0.7975763571163597
금천구,가산동,가산동,37.476837,126.88434,True,2588,2069,2069,2052,30,379,1659,520,2104,484,52.05473,41.114,98.43891143798828,0.33349444175930404,30.178574,17.582567,73.57894439697266,21.876155115192525,20.41095,32.513933333333334,30.820498,17.273521,9.461309,519,0.20054095826893353,0.022797527047913446,0.12635239567233386,0.051391035548686244,0.0,0.11368015414258188,0.630057803468208,0.25626204238921,0.0,34,3,789.0,canon,789.0,False,3.280101394169835,48.35067,42.65985,1.0766082,1.2202276,0.28993111763803237,0.21003880598714905,1.1502540481896766,1.5877753646138535,0.10868136040427398,0.09424420759839434,1.1625949031400324,1.3406913686490218,1.549232031473477,3.737929726691645,2.1172434648476286,0.8775182076718646,20.8,37.61395348837209,1.6346153846153846,0.9039198713985409
금천구,독산제1동,독산1동,37.4642,126.89272,True,6005,5000,5000,4971,144,1540,3712,609,4857,1148,46.51136,36.866722,92.18906402587892,0.2528,25.551224,13.366533,68.32132797241212,20.96013506,20.19075,31.410671666666666,27.52422,18.247925,9.2459135,1003,0.16702747710241464,0.029142381348875937,0.09891756869275603,0.03896752706078268,0.0,0.1744765702891326,0.5922233300099701,0.2333000997008973,0.0,24,2,2112.0,canon,2112.0,False,2.843276515151515,48.35067,42.65985,0.96195894,1.0902841,0.28993111763803237,0.21003880598714905,0.8719312437363516,1.2035871124475315,0.10868136040427398,0.09424420759839434,0.910161303877698,1.0495877806546627,1.549232031473477,3.737929726691645,1.8352812602559412,0.760655422398225,20.8,37.61395348837209,1.1538461538461537,0.6380610856930877
금천구,독산제2동,독산2동,37.463825,126.90256,True,584,459,459,455,49,164,299,72,461,123,46.817295,36.804832,95.2396987915039,0.27450980392156865,26.831785,14.766883,69.87111968994141,19.98551100217865,19.35911666666667,30.754559999999998,25.794987,16.376463,8.416378,125,0.21404109589041095,0.06164383561643835,0.1095890410958904,0.04280821917808219,0.0,0.288,0.512,0.2,0.0,12,1,1034.0,canon,1034.0,False,0.5647969052224371,48.35067,42.65985,0.9682864,1.0974556,0.28993111763803237,0.21003880598714905,0.9468104222751398,1.3069480310146315,0.10868136040427398,0.09424420759839434,1.0083517604880914,1.1628199110430792,1.549232031473477,3.737929726691645,0.3645657291795457,0.15109885592266759,20.8,37.61395348837209,0.5769230769230769,0.31903054284654386
금천구,독산제3동,독산3동,37.475933,126.904594,True,2283,1917,1917,1906,153,650,1377,103,1835,448,41.988464,34.248283,80.15484466552736,0.20605112154407929,22.606865,12.07,59.490132141113286,19.38159644409668,18.807833333333335,28.91391,21.518776,15.792647,6.219801,365,0.1598773543583005,0.04292597459483136,0.07884362680683311,0.03810775295663601,0.0,0.2684931506849315,0.4931506849315068,0.23835616438356164,0.0,44,4,1367.0,canon,1367.0,False,1.670080468178493,48.35067,42.65985,0.86841536,0.9842619,0.28993111763803237,0.21003880598714905,0.7106899156693006,0.9810145347935669,0.10868136040427398,0.09424420759839434,0.7254567527821683,0.8365885693772482,1.549232031473477,3.737929726691645,1.0780053821828592,0.44679290149647694,20.8,37.61395348837209,2.1153846153846154,1.169778657103994
금천구,독산제4동,독산4동,37.46922,126.90405,True,422,333,333,330,8,76,300,38,342,80,42.60251,32.52183,86.84924621582032,0.22822822822822822,22.434948,10.6241665,62.99572219848634,20.167561461461464,19.9635,28.854176666666667,25.209675,17.018795,8.820239,89,0.21090047393364927,0.037914691943127965,0.11137440758293839,0.061611374407582936,0.0,0.1797752808988764,0.5280898876404494,0.29213483146067415,0.0,34,3,863.0,canon,863.0,False,0.48899188876013905,48.35067,42.65985,0.88111514,0.9986558,0.28993111763803237,0.21003880598714905,0.7871808658812616,1.08660029348192,0.10868136040427398,0.09424420759839434,1.024779292131114,1.1817639558023711,1.549232031473477,3.737929726691645,0.31563502356393836,0.13081890899884158,20.8,37.61395348837209,1.6346153846153846,0.9039198713985409
금천구,시흥제1동,시흥1동,37.452885,126.90015,True,4215,3576,3576,3472,168,545,2861,641,3520,695,46.826057,37.01545,94.16075134277344,0.2519574944071588,26.564459,15.185108,69.2671890258789,20.261601407531693,19.158050000000003,32.271249999999995,28.897362,17.408352,9.856789,636,0.15088967971530248,0.027758007117437724,0.0863582443653618,0.036773428232502965,0.0,0.18396226415094338,0.5723270440251572,0.24371069182389937,0.0,12,1,1826.0,canon,1826.0,False,2.3083242059145674,48.35067,42.65985,0.9684676,1.097661,0.28993111763803237,0.21003880598714905,0.8690253618161741,1.1995759222825448,0.10868136040427398,0.09424420759839434,0.7946003256135694,0.9163241600307444,1.549232031473477,3.737929726691645,1.489979653802482,0.6175408246525843,20.8,37.61395348837209,0.5769230769230769,0.31903054284654386
금천구,시흥제2동,시흥2동,37.45059,126.920074,True,1723,1291,1291,1278,58,712,920,33,1301,422,50.507744,37.729618,101.66011810302734,0.27807900852052675,26.447985,13.716784,70.32783508300781,24.059759372579396,22.16105,38.51466666666667,33.106,17.043419,9.868751,432,0.2507254788160186,0.034822983168891465,0.05281485780615206,0.16308763784097505,0.0,0.1388888888888889,0.21064814814814814,0.6504629629629629,0.0,12,1,1191.0,canon,1191.0,False,1.4466834592779176,48.35067,42.65985,1.0446131,1.1839644,0.28993111763803237,0.21003880598714905,0.9591209484029841,1.3239411032337551,0.10868136040427398,0.09424420759839434,0.48596058799495,0.5604042853351114,1.549232031473477,3.737929726691645,0.933806834539804,0.3870279981315603,20.8,37.61395348837209,0.5769230769230769,0.31903054284654386
금천구,시흥제3동,시흥3동,37.440277,126.90592,True,421,289,289,288,18,163,160,80,330,91,54.424507,45.477333,104.30858306884765,0.3875432525951557,34.43018,23.306667,79.08394927978516,19.994324452133792,18.9611,30.345043333333333,36.245182,18.997744,11.656288,132,0.31353919239904987,0.05938242280285035,0.23515439429928742,0.019002375296912115,0.0,0.1893939393939394,0.75,0.06060606060606061,0.0,12,1,530.0,canon,530.0,False,0.7943396226415095,48.35067,42.65985,1.1256205,1.2757782,0.28993111763803237,0.21003880598714905,1.336673537329609,1.8451031026088913,0.10868136040427398,0.09424420759839434,2.16370492073855,2.49516018322694,1.549232031473477,3.737929726691645,0.512731215533939,0.21250790697570474,20.8,37.61395348837209,0.5769230769230769,0.31903054284654386
금천구,시흥제4동,시흥4동,37.46008,126.9091,True,1541,1158,1158,1155,18,698,714,111,1154,387,53.296207,44.387527,98.23066864013671,0.37392055267702934,31.641205,21.762417,72.92471542358398,21.65500028785262,21.410308333333333,32.248213333333325,22.589,14.916298,6.5531073,382,0.24789097988319272,0.10707332900713822,0.08046722907203115,0.06035042180402336,0.0,0.4319371727748691,0.32460732984293195,0.24345549738219896,0.0,12,1,1198.0,canon,1198.0,False,1.2863105175292153,48.35067,42.65985,1.1022848,1.2493294,0.28993111763803237,0.21003880598714905,1.2896875496608629,1.7802450881381757,0.10868136040427398,0.09424420759839434,0.7403958578794778,0.8538161773817289,1.549232031473477,3.737929726691645,0.830289131258023,0.3441237828373245,20.8,37.61395348837209,0.5769230769230769,0.31903054284654386
금천구,시흥제5동,시흥5동,37.44875,126.91243,True,1066,825,825,822,17,363,603,83,843,223,48.477802,37.017334,96.97506408691407,0.31272727272727274,28.677687,14.89705,74.44112396240234,19.800117474747477,19.0125,30.76390666666667,27.633179,16.771816,8.368501,241,0.22607879924953095,0.07786116322701689,0.10694183864915573,0.04127579737335835,0.0,0.34439834024896265,0.4730290456431535,0.1825726141078838,0.0,12,1,1317.0,canon,1317.0,False,0.809415337889142,48.35067,42.65985,1.0026294,1.13638,0.28993111763803237,0.21003880598714905,1.0786261070386398,1.4889023542935516,0.10868136040427398,0.09424420759839434,0.98399429535435,1.1347311561562508,1.549232031473477,3.737929726691645,0.522462304835839,0.2165410794401255,20.8,37.61395348837209,0.5769230769230769,0.31903054284654386
노원구,공릉1.3동,공릉13동,37.627865,127.083496,True,6094,5204,5204,5137,84,1040,4169,801,5127,967,28.663277,23.48625,51.501584625244135,0.07090699461952345,13.708381,8.800058,34.38636932373046,14.954895609146812,13.711083333333335,23.811718333333335,20.327602,17.445608,6.541692,886,0.14538890712175911,0.04102395799146702,0.07367902855267476,0.030685920577617327,0.0,0.28216704288939054,0.5067720090293454,0.2110609480812641,0.0,49,3,2077.0,base,2077.0,False,2.9340394800192584,33.711746,42.65985,0.85024595,0.6719029,0.12749755918904757,0.21003880598714905,0.5561439377391201,0.3375899719400509,0.06898942328495654,0.09424420759839434,1.0679757134415822,0.7817884030246761,4.730897162972437,3.737929726691645,0.6201866958730915,0.7849370358859338,63.473684210526315,37.61395348837209,0.7719734660033167,1.3027080499567207
노원구,공릉2동,공릉2동,37.631615,127.09423,True,4132,3667,3667,3623,26,1296,2345,465,3389,743,34.369377,27.57745,66.19529876708985,0.13307881101718025,18.782146,9.578067,50.52373275756836,15.587228220161803,14.308666666666666,24.81544666666667,20.3284,17.505928,6.3609757,463,0.11205227492739595,0.03484995159728945,0.059777347531461765,0.017424975798644726,0.0,0.31101511879049676,0.5334773218142549,0.15550755939524838,0.0,29,2,1294.0,canon,1294.0,False,3.1931993817619784,33.711746,42.65985,1.0195075,0.80566096,0.12749755918904757,0.21003880598714905,1.0437753621609105,0.633591542247305,0.06898942328495654,0.09424420759839434,0.8664711876856128,0.6342813956926961,4.730897162972437,3.737929726691645,0.6749669823208927,0.8542695061814887,63.473684210526315,37.61395348837209,0.4568822553897181,0.7709904785458144
노원구,상계10동,상계10동,37.659645,127.058395,True,1140,901,901,890,218,137,565,220,806,334,33.472614,27.4215,61.07776641845703,0.10432852386237514,15.767521,9.077666,39.968101501464844,17.705091768405477,16.460616666666667,27.273216666666666,26.963663,19.972713,10.927008,237,0.20789473684210527,0.060526315789473685,0.11052631578947368,0.03684210526315789,0.0,0.2911392405063291,0.5316455696202531,0.17721518987341772,0.0,93,5,540.0,canon,540.0,False,2.111111111111111,33.711746,42.65985,0.9929066,0.7846397,0.12749755918904757,0.21003880598714905,0.8182785970646038,0.49671070720502164,0.06898942328495654,0.09424420759839434,1.6020762390337948,1.172765081334895,4.730897162972437,3.737929726691645,0.44623906172263816,0.5647808454065312,63.473684210526315,37.61395348837209,1.4651741293532339,2.472486707060715
노원구,상계1동,상계1동,37.68327,127.06533,True,7819,6907,6907,6863,122,3221,3937,539,6677,1142,36.87566,28.31505,74.31722564697267,0.1718546402200666,21.434105,10.209283,58.675512695312506,15.441552765310556,14.758000000000001,23.31068666666667,20.96794,16.248999,6.3800955,910,0.11638316920322292,0.0207187619900243,0.07225987978002302,0.023404527433175597,0.0,0.17802197802197803,0.6208791208791209,0.2010989010989011,0.0,30,2,1917.0,canon,1917.0,False,4.078768909754825,33.711746,42.65985,1.0938519,0.86441135,0.12749755918904757,0.21003880598714905,1.3479053349189876,0.8182042333195386,0.06898942328495654,0.09424420759839434,1.0474051867567882,0.7667301961723335,4.730897162972437,3.737929726691645,0.8621554790237974,1.0911839461906763,63.473684210526315,37.61395348837209,0.472636815920398,0.7975763571163597
노원구,상계2동,상계2동,37.656487,127.06727,True,5478,4822,4822,4767,82,1183,3631,582,4682,796,30.832474,25.112343,58.153262329101594,0.09207797594359186,16.049356,9.283424,41.842208099365244,14.78311820821236,13.905783333333332,22.908628333333333,19.333225,14.873102,5.3156343,656,0.11975173420956553,0.025191675794085433,0.06772544724351953,0.02683461117196057,0.0,0.21036585365853658,0.5655487804878049,0.22408536585365854,0.0,73,4,883.0,canon,883.0,False,6.203850509626274,33.711746,42.65985,0.91459143,0.72275156,0.12749755918904757,0.21003880598714905,0.7221940288838223,0.43838554266598495,0.06898942328495654,0.09424420759839434,0.9816786982518142,0.718616549168942,4.730897162972437,3.737929726691645,1.3113475723341186,1.6597022852853787,63.473684210526315,37.61395348837209,1.150082918739635,1.9407691356498085
노원구,상계3.4동,상계34동,37.675144,127.08327,True,3253,2605,2605,2572,271,908,1588,486,2486,767,38.69999,30.769667,76.40840301513671,0.18042226487523993,20.509323,9.720667,56.96081237792968,18.190667728726808,17.41105,27.517133333333334,26.629326,15.634935,7.798686,643,0.1976636950507224,0.04611128189363664,0.10052259452812788,0.05102981862895788,0.0,0.2332814930015552,0.5085536547433903,0.2581648522550544,0.0,10,1,1634.0,canon,1634.0,False,1.9908200734394126,33.711746,42.65985,1.1479675,0.9071759,0.12749755918904757,0.21003880598714905,1.4151036774572134,0.8589949082374752,0.06898942328495654,0.09424420759839434,1.4570725444815726,1.066618279146532,4.730897162972437,3.737929726691645,0.4208123755090407,0.5325996524823492,63.473684210526315,37.61395348837209,0.15754560530679934,0.26585878570545324
노원구,상계5동,상계5동,37.66322,127.069595,True,3662,3352,3352,3323,25,290,3135,212,3359,303,28.752691,24.197191,49.285334777832034,0.05906921241050119,13.207243,8.978691,31.84550647735597,15.545448205051711,14.61045,23.814204999999998,23.15831,15.434312,6.503549,308,0.08410704533042054,0.029219006007646094,0.03959584926269798,0.015292190060076462,0.0,0.3474025974025974,0.4707792207792208,0.18181818181818182,0.0,73,4,1272.0,canon,1272.0,False,2.8789308176100628,33.711746,42.65985,0.8528983,0.6739989,0.12749755918904757,0.21003880598714905,0.4632968096504189,0.2812299952519977,0.06898942328495654,0.09424420759839434,0.5739408648069106,0.4201409324955965,4.730897162972437,3.737929726691645,0.6085380253332798,0.7701939383858182,63.473684210526315,37.61395348837209,1.150082918739635,1.9407691356498085
노원구,상계6.7동,상계67동,37.64875,127.06009,True,24832,22560,22560,22371,129,2610,18918,3175,22913,1919,27.579355,23.044333,49.72938270568849,0.05749113475177305,13.692965,9.0297165,32.86361083984378,13.88639019429669,12.953666666666667,23.05990666666667,19.640089,16.535189,5.990857,2266,0.09125322164948454,0.020940721649484535,0.048606636597938145,0.021705863402061855,0.0,0.2294792586054722,0.5326566637246248,0.23786407766990292,0.0,73,4,1095.0,canon,1095.0,False,22.677625570776257,33.711746,42.65985,0.81809336,0.6464944,0.12749755918904757,0.21003880598714905,0.45091949302753176,0.27371672811399705,0.06898942328495654,0.09424420759839434,0.7045520064310647,0.5157519792098741,4.730897162972437,3.737929726691645,4.793514800589712,6.066894572372739,63.473684210526315,37.61395348837209,1.150082918739635,1.9407691356498085
노원구,상계8동,상계8동,37.66629,127.05365,True,1264,1091,1091,1083,2,349,795,118,1047,217,31.028389,23.799883,65.39644622802734,0.12098991750687443,16.64624,9.058784,49.29761505126953,14.38214922089826,13.6565,21.355283333333333,22.342478,17.313953,7.1340837,173,0.13686708860759494,0.049841772151898736,0.07278481012658228,0.014240506329113924,0.0,0.36416184971098264,0.5317919075144508,0.10404624277456648,0.0,93,5,725.0,canon,725.0,False,1.743448275862069,33.711746,42.65985,0.9204029,0.72734404,0.12749755918904757,0.21003880598714905,0.9489586959659055,0.5760360183835602,0.06898942328495654,0.09424420759839434,1.055014039267282,0.7723000912347033,4.730897162972437,3.737929726691645,0.36852381605493517,0.46642082739344454,63.473684210526315,37.61395348837209,1.4651741293532339,2.472486707060715
노원구,상계9동,상계9동,37.66807,127.06249,True,1635,1412,1412,1399,15,715,673,232,1227,408,38.134197,28.462166,79.80334854125982,0.18838526912181303,21.881985,9.791775,61.90784950256348,16.252210198300283,15.406391666666668,24.20673333333334,21.105135,15.099631,5.829594,223,0.1363914373088685,0.039755351681957186,0.07522935779816514,0.021406727828746176,0.0,0.2914798206278027,0.5515695067264574,0.15695067264573992,0.0,93,5,720.0,canon,720.0,False,2.2708333333333335,33.711746,42.65985,1.1311842,0.89391303,0.12749755918904757,0.21003880598714905,1.4775598083605972,0.8969069702926188,0.06898942328495654,0.09424420759839434,1.0904476978657285,0.7982385306770496,4.730897162972437,3.737929726691645,0.48000056968191673,0.6075109751576833,63.473684210526315,37.61395348837209,1.4651741293532339,2.472486707060715
노원구,월계1동,월계1동,37.621807,127.0586,True,1915,1505,1505,1487,40,581,1120,174,1303,612,37.617474,29.773384,74.29463806152349,0.16677740863787374,18.96136,9.593667,54.271352386474675,18.656111705426355,18.00838333333333,27.76983,23.367878,18.632765,8.688119,407,0.212532637075718,0.0422976501305483,0.1409921671018277,0.029242819843342035,0.0,0.19901719901719903,0.6633906633906634,0.1375921375921376,0.0,56,3,912.0,canon,912.0,False,2.099780701754386,33.711746,42.65985,1.1158565,0.8818004,0.12749755918904757,0.21003880598714905,1.3080831484043063,0.7940314069776125,0.06898942328495654,0.09424420759839434,2.0436780072717564,1.496030055264954,4.730897162972437,3.737929726691645,0.4438440806088221,0.561749646270866,63.473684210526315,37.61395348837209,0.8822553897180763,1.488809199950538
노원구,월계2동,월계2동,37.634075,127.05121,True,6900,6018,6018,5986,78,3515,3052,255,5646,1254,40.253487,31.221725,78.73909912109376,0.22166832834828848,22.86861,11.5732,59.347119903564455,17.3848765730586,16.751858333333335,25.3625,22.797562,16.348713,6.4668665,876,0.12695652173913044,0.029710144927536233,0.07739130434782608,0.019855072463768116,0.0,0.23401826484018265,0.6095890410958904,0.15639269406392695,0.0,83,4,2082.0,canon,2082.0,False,3.314121037463977,33.711746,42.65985,1.1940492,0.94359183,0.12749755918904757,0.21003880598714905,1.7386084075508363,1.0553684463520088,0.06898942328495654,0.09424420759839434,1.121785060126769,0.8211783654398789,4.730897162972437,3.737929726691645,0.7005269663020333,0.8866194069403303,63.473684210526315,37.61395348837209,1.3076285240464345,2.2066279213552615
노원구,월계3동,월계3동,37.624657,127.064896,True,7486,6664,6664,6590,46,2349,4112,979,6047,1439,34.3451,27.1408,66.72340316772461,0.12815126050420167,17.607763,9.402609,47.708716201782224,16.737336474589835,15.759083333333333,25.470781666666667,19.032051,17.262932,5.820739,819,0.1094042212129308,0.03299492385786802,0.048223350253807105,0.028185947101255677,0.0,0.30158730158730157,0.44078144078144077,0.2576312576312576,0.0,69,4,1810.0,canon,1810.0,False,4.135911602209945,33.711746,42.65985,1.0187874,0.8050919,0.12749755918904757,0.21003880598714905,1.0051271672909818,0.6101313512134631,0.06898942328495654,0.09424420759839434,0.6989962802649262,0.5116850306525225,4.730897162972437,3.737929726691645,0.8742340955074448,1.1064712032108064,63.473684210526315,37.61395348837209,1.0870646766169154,1.834425621367627
노원구,중계1동,중계1동,37.650017,127.0735,True,3832,3455,3455,3425,103,1072,2102,555,3126,706,31.653183,25.195333,60.869066619873045,0.10419681620839363,16.792305,9.302733,44.406290435791014,14.860878871201157,13.351783333333334,24.297449999999994,19.312346,15.887307,6.0579367,376,0.09812108559498955,0.020615866388308975,0.05219206680584551,0.025313152400835072,0.0,0.21010638297872342,0.5319148936170213,0.2579787234042553,0.0,73,4,699.0,canon,699.0,False,5.482117310443491,33.711746,42.65985,0.9389363,0.74199003,0.12749755918904757,0.21003880598714905,0.8172455760811494,0.49608364377565917,0.06898942328495654,0.09424420759839434,0.7565227294373721,0.5537960171329905,4.730897162972437,3.737929726691645,1.1587902086206119,1.4666186127837095,63.473684210526315,37.61395348837209,1.150082918739635,1.9407691356498085
노원구,중계2.3동,중계23동,37.643345,127.06589,True,10081,8822,8822,8717,334,3245,5588,914,7897,2184,32.26256,25.220583,63.57157859802247,0.11493992291997279,17.755785,9.396074,47.83763389587403,14.506777773369606,13.103358333333333,23.660495,22.541264,16.256699,7.0428605,1254,0.12439242138676719,0.034619581390735045,0.06041067354429124,0.0293621664517409,0.0,0.2783094098883573,0.48564593301435405,0.23604465709728867,0.0,73,4,2993.0,canon,2993.0,False,3.368192449047778,33.711746,42.65985,0.9570125,0.7562746,0.12749755918904757,0.21003880598714905,0.9015068496295299,0.5472318430862021,0.06898942328495654,0.09424420759839434,0.8756512327225682,0.6410014480860303,4.730897162972437,3.737929726691645,0.7119563864989051,0.9010850110413625,63.473684210526315,37.61395348837209,1.150082918739635,1.9407691356498085
노원구,중계4동,중계4동,37.658848,127.082245,True,4316,3851,3851,3823,194,1579,2088,455,3626,690,37.463882,28.892282,75.18716430664062,0.1765775123344586,20.845064,9.835834,57.11949920654297,16.6188178178828,15.6065,25.615116666666665,26.94095,17.204947,8.88585,461,0.10681186283595921,0.028498609823911027,0.05560704355885079,0.022706209453197405,0.0,0.2668112798264642,0.5206073752711496,0.21258134490238612,0.0,60,3,1386.0,canon,1386.0,False,3.113997113997114,33.711746,42.65985,1.1113006,0.87820005,0.12749755918904757,0.21003880598714905,1.3849481782834565,0.8406899453868646,0.06898942328495654,0.09424420759839434,0.8060227337916617,0.5900314191808025,4.730897162972437,3.737929726691645,0.6582254922744041,0.8330807001963733,63.473684210526315,37.61395348837209,0.945273631840796,1.5951527142327193
노원구,중계본동,중계본동,37.648136,127.08576,True,1364,1214,1214,1193,16,392,657,299,887,477,35.058277,26.515549,69.73006439208987,0.13097199341021418,19.204874,9.4605255,54.435194015502944,15.853403212520593,14.659475,25.337235000000007,19.4195,15.175571,5.343886,149,0.1092375366568915,0.022727272727272728,0.06524926686217009,0.02126099706744868,0.0,0.2080536912751678,0.5973154362416108,0.19463087248322147,0.0,30,2,691.0,canon,691.0,False,1.9739507959479017,33.711746,42.65985,1.0399425,0.82180965,0.12749755918904757,0.21003880598714905,1.0272509861621342,0.6235609310130411,0.06898942328495654,0.09424420759839434,0.9457865243004283,0.6923424635306897,4.730897162972437,3.737929726691645,0.4172466084017904,0.5280866523124821,63.473684210526315,37.61395348837209,0.472636815920398,0.7975763571163597
노원구,하계1동,하계1동,37.63862,127.07481,True,25066,22810,22810,22586,595,3598,19216,1657,23166,1900,27.817554,23.345417,47.98051834106446,0.05484436650591846,13.167998,8.820217,31.747794914245606,14.649558332602659,13.806425,23.162895,19.986273,16.332571,5.872988,2239,0.08932418415383389,0.022181440995771164,0.045719301045240565,0.02142344211282215,0.0,0.24832514515408666,0.511835640911121,0.23983921393479232,0.0,63,3,1893.0,canon,1893.0,False,13.241415742208135,33.711746,42.65985,0.82515913,0.6520781,0.12749755918904757,0.21003880598714905,0.43016012898409867,0.2611153984053501,0.06898942328495654,0.09424420759839434,0.6627001483459258,0.48511523636620285,4.730897162972437,3.737929726691645,2.798922759481103,3.5424464102827864,63.473684210526315,37.61395348837209,0.9925373134328358,1.6749103499443552
노원구,하계2동,하계2동,37.63484,127.06482,True,2257,2045,2045,2021,25,1104,1020,108,1856,401,35.643646,28.405666,70.25024871826173,0.14572127139364302,20.315004,10.325784,53.44652938842776,15.328642966585166,14.158333333333333,22.911406666666668,21.43659,17.779358,6.6671057,211,0.09348692955250333,0.033673017279574655,0.044306601683650866,0.015507310589277802,0.0,0.36018957345971564,0.47393364928909953,0.16587677725118483,0.0,83,4,734.0,canon,734.0,False,3.0749318801089918,33.711746,42.65985,1.0573064,0.8355314,0.12749755918904757,0.21003880598714905,1.1429338123843937,0.6937826117834568,0.06898942328495654,0.09424420759839434,0.6422231057164399,0.47012546248418696,4.730897162972437,3.737929726691645,0.649968023861462,0.8226296653336345,63.473684210526315,37.61395348837209,1.3076285240464345,2.2066279213552615
도봉구,도봉제1동,도봉1동,37.685085,127.026794,True,3949,3486,3486,3463,112,876,2551,410,2937,1012,29.615015,23.629143,52.93614196777344,0.076592082616179,14.719292,9.21195,34.23739051818848,14.895724722700324,13.988949999999999,24.188966666666666,29.671774,20.15414,11.339509,462,0.116991643454039,0.0392504431501646,0.05140541909344138,0.02633578121043302,0.0,0.3354978354978355,0.4393939393939394,0.22510822510822512,0.0,20,1,1477.0,canon,1477.0,False,2.6736628300609344,35.00526,42.65985,0.8460161,0.6942128,0.13047974376112048,0.21003880598714905,0.5870036253014272,0.3646568178494844,0.06428141581294865,0.09424420759839434,0.7996933241642514,0.5454491093234805,2.706133324185642,3.737929726691645,0.9880011476764624,0.7152790516549736,66.14285714285714,37.61395348837209,0.3023758099352052,0.5317175714109065
도봉구,도봉제2동,도봉2동,37.681187,127.04779,True,9119,8105,8105,8042,71,1174,7181,693,8216,903,29.801146,25.376383,50.7070297241211,0.06243059839605182,13.900558,9.31545,31.37812080383301,15.900588118445404,14.804883333333333,25.012240000000002,27.263323,18.625355,9.416421,1009,0.11064809737909859,0.027415286763899552,0.05417260664546551,0.029060203969733522,0.0,0.24777006937561943,0.489593657086224,0.2626362735381566,0.0,60,3,1425.0,canon,1425.0,False,6.399298245614035,35.00526,42.65985,0.8513333,0.6985759,0.13047974376112048,0.21003880598714905,0.4784696581742866,0.29723363786343154,0.06428141581294865,0.09424420759839434,0.8427413422738139,0.5748109939691239,2.706133324185642,3.737929726691645,2.3647387172026266,1.711989982026202,66.14285714285714,37.61395348837209,0.9071274298056156,1.5951527142327193
도봉구,방학제1동,방학1동,37.66503,127.04352,True,3896,3272,3272,3251,63,1414,1855,564,3232,664,35.18191,28.307083,68.37966461181641,0.13814180929095354,18.87303,9.74225,51.3586566925049,16.30888301752241,15.610675,25.018893333333335,20.810768,16.94568,6.7031164,622,0.15965092402464065,0.03516427104722793,0.08624229979466119,0.03824435318275154,0.0,0.2202572347266881,0.5401929260450161,0.2395498392282958,0.0,93,5,1481.0,canon,1481.0,False,2.6306549628629305,35.00526,42.65985,1.0050464,0.8247078,0.13047974376112048,0.21003880598714905,1.0587222607047773,0.6576966034524381,0.06428141581294865,0.09424420759839434,1.3416365944025896,0.9150939033003288,2.706133324185642,3.737929726691645,0.972108409941175,0.7037732528993429,66.14285714285714,37.61395348837209,1.4060475161987043,2.472486707060715
도봉구,방학제2동,방학2동,37.669144,127.03226,True,1227,1071,1071,1065,8,274,777,168,975,252,30.791405,25.44295,55.657501220703125,0.08216619981325864,14.509655,8.985617,37.117618560791016,16.281748381574854,15.554783333333335,25.264333333333333,21.186827,16.032288,6.732396,156,0.1271393643031785,0.03015484922575387,0.07579462102689487,0.021189894050529748,0.0,0.23717948717948717,0.5961538461538461,0.16666666666666666,0.0,63,3,1241.0,canon,1241.0,False,0.9887187751813054,35.00526,42.65985,0.8796222,0.7217888,0.13047974376112048,0.21003880598714905,0.6297237980761731,0.3911953290111822,0.06428141581294865,0.09424420759839434,1.1791062792930431,0.804236387130345,2.706133324185642,3.737929726691645,0.36536218165778694,0.2645097279708352,66.14285714285714,37.61395348837209,0.9524838012958964,1.6749103499443552
도봉구,방학제3동,방학3동,37.662796,127.02347,True,2722,2401,2401,2392,89,1262,1175,196,2387,335,42.681282,34.21545,81.95983123779297,0.22365680966264057,22.749739,10.698833,61.19066619873047,19.9315429959739,19.202733333333335,29.013283333333334,24.855621,16.153257,7.667807,321,0.11792799412196914,0.036737692872887584,0.056943423952975754,0.024246877296105803,0.0,0.3115264797507788,0.48286604361370716,0.205607476635514,0.0,63,3,1028.0,canon,1028.0,False,2.6478599221789882,35.00526,42.65985,1.2192819,1.0005023,0.13047974376112048,0.21003880598714905,1.7141113495141949,1.0648356555422653,0.06428141581294865,0.09424420759839434,0.885845827022143,0.6042113929763245,2.706133324185642,3.737929726691645,0.9784661747867911,0.7083760572787835,66.14285714285714,37.61395348837209,0.9524838012958964,1.6749103499443552
도봉구,쌍문제1동,쌍문1동,37.653027,127.01951,True,1659,1446,1446,1439,9,345,1205,100,1276,383,39.000206,33.206528,69.94932556152344,0.14246196403872752,19.377045,10.363475,49.31660842895508,19.62316092669433,19.012725,29.119058333333335,27.770655,16.700788,8.512575,213,0.12839059674502712,0.03676913803496082,0.06329113924050633,0.028330319469559977,0.0,0.2863849765258216,0.49295774647887325,0.22065727699530516,0.0,43,2,1139.0,canon,1139.0,False,1.456540825285338,35.00526,42.65985,1.1141242,0.91421336,0.13047974376112048,0.21003880598714905,1.0918320340936891,0.6782649680813928,0.06428141581294865,0.09424420759839434,0.9845946676824309,0.6715652967258291,2.706133324185642,3.737929726691645,0.5382369051324016,0.38966511726652725,66.14285714285714,37.61395348837209,0.6501079913606912,1.1431927785334488
도봉구,쌍문제2동,쌍문2동,37.657063,127.037,True,2042,1798,1798,1787,21,309,1572,140,1622,420,32.562836,27.053583,59.02068252563476,0.09510567296996662,16.124338,9.363441,41.7491600036621,16.438496366332963,15.608975000000001,24.561751666666666,24.825111,17.502974,8.344104,241,0.11802154750244857,0.02889324191968658,0.05729676787463271,0.031831537708129284,0.0,0.24481327800829875,0.4854771784232365,0.2697095435684647,0.0,83,4,895.0,canon,895.0,False,2.281564245810056,35.00526,42.65985,0.9302269,0.7633134,0.13047974376112048,0.21003880598714905,0.7288922420332465,0.45280048381052757,0.06428141581294865,0.09424420759839434,0.8913426555718618,0.6079606305227069,2.706133324185642,3.737929726691645,0.843108587969016,0.6103817922305927,66.14285714285714,37.61395348837209,1.2548596112311017,2.2066279213552615
도봉구,쌍문제3동,쌍문3동,37.647686,127.03059,True,3171,2845,2845,2822,31,703,2310,127,2739,432,33.136425,27.505783,62.834285736083984,0.11001757469244289,16.715752,9.49705,44.905071258544915,16.42067358523726,15.471716666666667,25.482586666666663,18.086222,14.206452,4.6978745,324,0.10217596972563861,0.026805424156417533,0.0532954903815831,0.02207505518763797,0.0,0.2623456790123457,0.5216049382716049,0.21604938271604937,0.0,63,3,813.0,canon,813.0,False,3.9003690036900367,35.00526,42.65985,0.9466127,0.776759,0.13047974376112048,0.21003880598714905,0.8431774275542777,0.523796420263283,0.06428141581294865,0.09424420759839434,0.8290963991313867,0.5655041486336515,2.706133324185642,3.737929726691645,1.4413070371777699,1.0434570173533366,66.14285714285714,37.61395348837209,0.9524838012958964,1.6749103499443552
도봉구,쌍문제4동,쌍문4동,37.655552,127.03041,True,1278,1073,1073,1069,145,385,704,44,1051,227,38.40275,30.76495,73.1265335083008,0.16216216216216217,20.252642,10.077117,53.61913452148444,18.1501073314694,17.51205,27.701683333333335,28.852842,16.663008,8.847059,204,0.1596244131455399,0.025039123630672927,0.07276995305164319,0.061815336463223784,0.0,0.1568627450980392,0.45588235294117646,0.3872549019607843,0.0,43,2,647.0,canon,647.0,False,1.9752704791344669,35.00526,42.65985,1.0970565,0.90020823,0.13047974376112048,0.21003880598714905,1.2428148422719558,0.7720581032634696,0.06428141581294865,0.09424420759839434,1.1320527423259499,0.7721424467988522,2.706133324185642,3.737929726691645,0.7299235634404251,0.528439704211008,66.14285714285714,37.61395348837209,0.6501079913606912,1.1431927785334488
도봉구,창제1동,창1동,37.647137,127.043564,True,3704,3025,3025,3010,30,820,2423,431,3035,669,33.862057,27.65645,61.94777297973633,0.10975206611570248,16.505432,9.421833,43.27940292358397,17.35662185123967,16.50805,25.91393,19.45393,16.230654,5.8847327,677,0.1827753779697624,0.038876889848812095,0.0734341252699784,0.07046436285097192,0.0,0.21270310192023634,0.4017725258493353,0.38552437223042835,0.0,83,4,957.0,canon,957.0,False,3.87042842215256,35.00526,42.65985,0.96734196,0.79376876,0.13047974376112048,0.21003880598714905,0.8411425632214163,0.5225323272996397,0.06428141581294865,0.09424420759839434,1.1423850010345613,0.779189800002409,2.706133324185642,3.737929726691645,1.430243065839075,1.0354470803757423,66.14285714285714,37.61395348837209,1.2548596112311017,2.2066279213552615
도봉구,창제2동,창2동,37.642628,127.03683,True,1553,1372,1372,1365,82,418,969,84,1360,193,36.67472,27.932343,75.85781402587892,0.16472303206997085,19.502218,9.568058,56.2024730682373,17.172501822157436,16.258025,26.001935000000003,20.074408,15.382339,5.8391643,181,0.11654861558274307,0.026400515132002575,0.05988409529942048,0.030264005151320026,0.0,0.2265193370165746,0.5138121546961326,0.2596685082872928,0.0,83,4,1337.0,canon,1337.0,False,1.1615557217651458,35.00526,42.65985,1.0476917,0.8597011,0.13047974376112048,0.21003880598714905,1.2624414129103614,0.7842504688397877,0.06428141581294865,0.09424420759839434,0.9315926623905756,0.6354140676168276,2.706133324185642,3.737929726691645,0.4292307815671622,0.31074841066988484,66.14285714285714,37.61395348837209,1.2548596112311017,2.2066279213552615
도봉구,창제3동,창3동,37.63736,127.041626,True,1539,1320,1320,1312,7,561,749,222,1100,439,41.007473,30.719309,84.84343414306662,0.21742424242424244,23.164158,10.222,63.84286651611328,17.84331311868687,17.055816666666665,26.76727833333334,25.037119,19.259268,8.932175,219,0.14230019493177387,0.0649772579597141,0.06367771280051981,0.01364522417153996,0.0,0.45662100456621,0.4474885844748858,0.0958904109589041,0.0,83,4,769.0,canon,769.0,False,2.001300390117035,35.00526,42.65985,1.171466,0.9612662,0.13047974376112048,0.21003880598714905,1.66634479925327,1.0351622472922706,0.06428141581294865,0.09424420759839434,0.9906084362829602,0.6756671250489107,2.706133324185642,3.737929726691645,0.7395424210000029,0.5354034282202357,66.14285714285714,37.61395348837209,1.2548596112311017,2.2066279213552615
도봉구,창제4동,창4동,37.652576,127.05093,True,3700,3164,3164,3131,103,874,2014,709,2906,794,32.290062,25.750416,61.01853408813479,0.10524652338811631,16.519814,9.269167,43.24228210449221,15.770246202064898,14.960449999999998,24.262868333333333,19.995739,16.60254,6.2921066,536,0.14486486486486488,0.03918918918918919,0.07054054054054054,0.03513513513513514,0.0,0.27052238805970147,0.4869402985074627,0.24253731343283583,0.0,73,4,922.0,canon,922.0,False,4.0130151843817785,35.00526,42.65985,0.92243457,0.75691926,0.13047974376112048,0.21003880598714905,0.8066119717463531,0.501081325869638,0.06428141581294865,0.09424420759839434,1.0973706731321105,0.748486748821074,2.706133324185642,3.737929726691645,1.4829332865886855,1.0735929987462887,66.14285714285714,37.61395348837209,1.103671706263499,1.9407691356498085
도봉구,창제5동,창5동,37.65536,127.04276,True,1863,1637,1637,1627,174,630,890,169,1479,384,35.066387,27.600718,67.98263549804688,0.13683567501527183,18.721478,9.555616,50.742165374755864,16.344910089594787,15.308283333333332,24.56392,22.722055,17.15504,7.2092075,225,0.12077294685990338,0.024691358024691357,0.061191626409017714,0.03488996242619431,0.0,0.20444444444444446,0.5066666666666667,0.28888888888888886,0.0,73,4,988.0,canon,988.0,False,1.8856275303643724,35.00526,42.65985,1.0017462,0.8219997,0.13047974376112048,0.21003880598714905,1.0487120151445704,0.6514780655515816,0.06428141581294865,0.09424420759839434,0.9519333952923212,0.6492879293948273,2.706133324185642,3.737929726691645,0.6967977200206185,0.5044577261310094,66.14285714285714,37.61395348837209,1.103671706263499,1.9407691356498085
동대문구,답십리제1동,답십리1동,37.570942,127.0517,True,949,818,818,816,9,432,472,36,672,277,38.0652,30.838825,70.28637847900393,0.17237163814180928,19.554514,9.926701,52.75206375122072,18.51068730643847,17.514466666666664,27.894546666666674,20.32416,17.110556,6.2648196,131,0.1380400421496312,0.023182297154899896,0.0874604847207587,0.0273972602739726,0.0,0.16793893129770993,0.6335877862595419,0.1984732824427481,0.0,65,3,1010.0,canon,2383.0,True,2.4360050356693246,39.269154,42.65985,0.969341,0.89229566,0.17577556597085608,0.21003880598714905,0.980634806605537,0.8206656733344581,0.06373566830389178,0.09424420759839434,1.372237666101608,0.9280197366978421,3.2698253260707872,3.737929726691645,0.7449954639003822,0.6516989921652102,56.77272727272727,37.61395348837209,1.1449159327461969,1.728082107085446
동대문구,답십리제2동,답십리2동,37.570892,127.06111,True,1324,1151,1151,1141,23,616,638,47,1058,266,40.799286,32.295883,77.41788482666016,0.21894005212858383,22.966143,11.62505,57.53711700439453,17.833142224152912,17.016833333333334,26.408,24.96739,22.74903,10.077522,172,0.1299093655589124,0.04154078549848943,0.06268882175226587,0.0256797583081571,0.0,0.31976744186046513,0.48255813953488375,0.19767441860465115,0.0,65,3,1373.0,canon,2383.0,True,2.4360050356693246,39.269154,42.65985,1.0389652,0.956386,0.17577556597085608,0.21003880598714905,1.2455659062698425,1.0423790551445975,0.06373566830389178,0.09424420759839434,0.9835751851438264,0.665174267466958,3.2698253260707872,3.737929726691645,0.7449954639003822,0.6516989921652102,56.77272727272727,37.61395348837209,1.1449159327461969,1.728082107085446
동대문구,답십리제3동,답십리3동,37.57092,127.056404,True,1869,1628,1628,1618,7,249,1494,119,1587,282,34.74463,27.85075,66.83083648681638,0.12223587223587223,17.371058,9.469608,48.0197540283203,17.373573873873873,16.66061666666667,26.912701666666667,23.99606,20.619577,9.344376,241,0.12894596040663456,0.02086677367576244,0.06848582129481005,0.03959336543606207,0.0,0.16182572614107885,0.5311203319502075,0.3070539419087137,0.0,65,3,,,2383.0,True,2.4360050356693246,39.269154,42.65985,0.8847817,0.81445736,0.17577556597085608,0.21003880598714905,0.6954087819927097,0.5819680399599637,0.06373566830389178,0.09424420759839434,1.074528958702834,0.7266846742099072,3.2698253260707872,3.737929726691645,0.7449954639003822,0.6516989921652102,56.77272727272727,37.61395348837209,1.1449159327461969,1.728082107085446
동대문구,답십리제4동,답십리4동,37.57092,127.056404,True,1663,1461,1461,1455,9,921,653,80,1380,283,39.026955,32.344784,69.4489974975586,0.15879534565366188,21.687683,13.87355,50.84488296508789,17.339272678530687,16.319716666666668,25.511833333333335,22.97163,18.38699,7.569237,202,0.12146722790138306,0.012627781118460614,0.08298256163559832,0.025856885147324114,0.0,0.10396039603960396,0.6831683168316832,0.21287128712871287,0.0,65,3,,,2383.0,True,2.4360050356693246,39.269154,42.65985,0.99383235,0.9148404,0.17577556597085608,0.21003880598714905,0.9033982896120525,0.7560286057966715,0.06373566830389178,0.09424420759839434,1.3019799406501444,0.8805056963205037,3.2698253260707872,3.737929726691645,0.7449954639003822,0.6516989921652102,56.77272727272727,37.61395348837209,1.1449159327461969,1.728082107085446
동대문구,신설동,신설동,37.575615,127.03229,True,4592,4038,4038,4017,33,460,3754,345,3861,731,35.00194,28.134192,64.8382507324219,0.12308073303615652,17.339527,9.252642,47.358235549926775,17.66241383935942,16.859808333333334,27.21336833333333,25.419802,16.04437,7.380759,552,0.12020905923344949,0.03593205574912892,0.054878048780487805,0.029398954703832754,0.0,0.29891304347826086,0.45652173913043476,0.24456521739130435,0.0,47,4,594.0,canon,594.0,False,7.730639730639731,39.269154,42.65985,0.89133424,0.82048905,0.17577556597085608,0.21003880598714905,0.7002152566333567,0.5859904433263968,0.06373566830389178,0.09424420759839434,0.8610257057136228,0.5822962511854445,3.2698253260707872,3.737929726691645,2.3642363000256403,2.0681607991282225,56.77272727272727,37.61395348837209,0.8278622898318655,1.2495362928156302
동대문구,용두동,용두동,37.575615,127.03229,True,3247,2838,2838,2814,182,1115,1658,292,2600,647,37.985664,31.842508,70.38373184204103,0.15715292459478505,19.239697,10.232467,51.15621223449708,18.745968516560957,17.656116666666666,29.830936666666677,25.211798,16.459492,7.3085313,407,0.12534647366800122,0.02309824453341546,0.06313520172466892,0.039113027409916845,0.0,0.18427518427518427,0.5036855036855037,0.31203931203931207,0.0,47,4,1016.0,canon,1016.0,False,3.1958661417322833,39.269154,42.65985,0.9673156,0.8904312,0.17577556597085608,0.21003880598714905,0.8940544365582717,0.7482089981239003,0.06373566830389178,0.09424420759839434,0.9905787984153578,0.6699106855851432,3.2698253260707872,3.737929726691645,0.9773813042094889,0.8549829385264742,56.77272727272727,37.61395348837209,0.8278622898318655,1.2495362928156302
동대문구,이문제1동,이문1동,37.59722,127.060295,True,747,678,678,677,71,227,394,55,552,195,40.439465,34.771168,69.19869384765626,0.1696165191740413,19.846226,11.798467,47.15285034179688,20.593239085545722,20.065033333333332,28.831850000000003,18.298517,16.55051,5.2898817,68,0.09103078982597054,0.01606425702811245,0.041499330655957165,0.03346720214190094,0.0,0.17647058823529413,0.45588235294117646,0.36764705882352944,0.0,61,2,756.0,canon,1672.0,True,1.4013157894736843,39.269154,42.65985,1.0298023,0.9479514,0.17577556597085608,0.21003880598714905,0.9649607340884002,0.8075484831332504,0.06373566830389178,0.09424420759839434,0.6511162706898793,0.4403382628330804,3.2698253260707872,3.737929726691645,0.4285598311019222,0.3748908866496954,56.77272727272727,37.61395348837209,1.0744595676541233,1.6217385928032646
동대문구,이문제2동,이문2동,37.602833,127.06749,True,631,538,538,531,3,162,407,59,448,183,39.29684,31.535633,74.9829833984375,0.1691449814126394,18.872072,9.610666,54.59874839782715,20.424771468401488,19.784575000000004,29.99860166666667,26.560387,16.357683,7.8113728,92,0.1458003169572108,0.01584786053882726,0.07290015847860538,0.05705229793977813,0.0,0.10869565217391304,0.5,0.391304347826087,0.0,74,3,916.0,canon,1672.0,True,1.4013157894736843,39.269154,42.65985,1.000705,0.92116684,0.17577556597085608,0.21003880598714905,0.9622781214124149,0.8053034800768593,0.06373566830389178,0.09424420759839434,1.1437890339678765,0.7735240216487045,3.2698253260707872,3.737929726691645,0.4285598311019222,0.3748908866496954,56.77272727272727,37.61395348837209,1.3034427542033626,1.9673550142203537
동대문구,이문제3동,이문3동,37.60003,127.063896,True,965,859,859,857,119,421,393,32,846,119,38.250286,31.0065,73.70883026123053,0.16880093131548313,19.5603,10.006667,53.59922561645508,18.6899848661234,18.11433333333333,27.585210000000004,21.427095,17.979986,6.9455695,106,0.10984455958549222,0.03730569948186528,0.04145077720207254,0.031088082901554404,0.0,0.33962264150943394,0.37735849056603776,0.2830188679245283,0.0,74,3,,,1672.0,True,1.4013157894736843,39.269154,42.65985,0.9740543,0.8966343,0.17577556597085608,0.21003880598714905,0.9603207953457572,0.8036654489733245,0.06373566830389178,0.09424420759839434,0.6503544766242217,0.439823075161372,3.2698253260707872,3.737929726691645,0.4285598311019222,0.3748908866496954,56.77272727272727,37.61395348837209,1.3034427542033626,1.9673550142203537
동대문구,장안제1동,장안1동,37.56623,127.06859,True,2799,2443,2443,2430,94,902,1387,416,2219,580,39.094112,31.410833,75.86990814208987,0.17560376586164553,21.407572,11.669666,57.52456817626953,17.686537488061127,17.009,26.414136666666668,25.279697,18.460455,8.371601,356,0.12718828152911754,0.02750982493747767,0.07395498392282958,0.02572347266881029,0.0,0.21629213483146068,0.5814606741573034,0.20224719101123595,0.0,65,3,1662.0,canon,3015.0,True,2.0603648424543946,39.269154,42.65985,0.9955425,0.9164146,0.17577556597085608,0.21003880598714905,0.9990226166631201,0.8360539141152308,0.06373566830389178,0.09424420759839434,1.1603390360670902,0.7847164914153256,3.2698253260707872,3.737929726691645,0.6301146504759167,0.5512048093739782,56.77272727272727,37.61395348837209,1.1449159327461969,1.728082107085446
동대문구,장안제2동,장안2동,37.57576,127.07254,True,1690,1491,1491,1480,10,494,1121,65,1431,259,37.238743,28.169,73.96855163574219,0.17773306505700873,19.798409,9.75145,54.50666809082031,17.440335613682095,16.65683333333333,26.216616666666667,25.75126,20.992062,9.461594,197,0.1165680473372781,0.05029585798816568,0.03964497041420118,0.026627218934911243,0.0,0.43147208121827413,0.3401015228426396,0.22842639593908629,0.0,55,2,1353.0,canon,3015.0,True,2.0603648424543946,39.269154,42.65985,0.948295,0.8729225,0.17577556597085608,0.21003880598714905,1.0111363549042829,0.8461915607532214,0.06373566830389178,0.09424420759839434,0.6220217261263173,0.42066214385441575,3.2698253260707872,3.737929726691645,0.6301146504759167,0.5512048093739782,56.77272727272727,37.61395348837209,0.9687750200160128,1.4622233213799927
동대문구,장안제3동,장안3동,37.570995,127.070564,True,945,820,820,817,7,460,409,69,819,126,41.80672,34.10253,82.23844223022462,0.22073170731707317,23.82708,13.448151,62.31806526184082,17.979639959349594,17.457083333333333,26.26607,24.312471,21.307888,8.609244,124,0.1312169312169312,0.026455026455026454,0.07936507936507936,0.025396825396825397,0.0,0.20161290322580644,0.6048387096774194,0.1935483870967742,0.0,55,2,,,3015.0,True,2.0603648424543946,39.269154,42.65985,1.0646199,0.98000157,0.17577556597085608,0.21003880598714905,1.2557587631586458,1.0509091702348488,0.06373566830389178,0.09424420759839434,1.2452223609967736,0.8421215625609602,3.2698253260707872,3.737929726691645,0.6301146504759167,0.5512048093739782,56.77272727272727,37.61395348837209,0.9687750200160128,1.4622233213799927
동대문구,장안제4동,장안4동,37.570995,127.070564,True,778,657,657,650,8,397,275,98,648,130,41.627113,35.107,77.29699096679687,0.2024353120243531,24.122114,14.7406,55.83240890502929,17.50499837645865,16.7619,25.482439999999997,25.2117,21.489584,9.165305,120,0.15424164524421594,0.014138817480719794,0.11182519280205655,0.028277634961439587,0.0,0.09166666666666666,0.725,0.18333333333333332,0.0,55,2,,,3015.0,True,2.0603648424543946,39.269154,42.65985,1.0600461,0.97579134,0.17577556597085608,0.21003880598714905,1.1516692374520203,0.9637995753829359,0.06373566830389178,0.09424420759839434,1.7545151055586932,1.1865471168114712,3.2698253260707872,3.737929726691645,0.6301146504759167,0.5512048093739782,56.77272727272727,37.61395348837209,0.9687750200160128,1.4622233213799927
동대문구,전농제1동,전농1동,37.57901,127.05105,True,948,815,815,808,70,321,483,74,712,236,41.54233,32.123833,83.66220703125,0.22085889570552147,22.21658,9.8775,63.86427764892579,19.325750633946832,18.512616666666666,27.598513333333337,23.425303,17.417503,7.689522,133,0.14029535864978904,0.04219409282700422,0.07489451476793249,0.023206751054852322,0.0,0.3007518796992481,0.5338345864661654,0.16541353383458646,0.0,65,3,1485.0,canon,2287.0,True,2.4862264975951027,39.269154,42.65985,1.0578871,0.97380394,0.17577556597085608,0.21003880598714905,1.2564823471661601,1.051514717328161,0.06373566830389178,0.09424420759839434,1.1750800887634112,0.7946856011255644,3.2698253260707872,3.737929726691645,0.7603545295744276,0.6651346278239437,56.77272727272727,37.61395348837209,1.1449159327461969,1.728082107085446
동대문구,전농제2동,전농2동,37.580723,127.06114,True,2552,2125,2125,2098,55,566,1292,639,1724,828,44.046318,36.320217,82.37831420898438,0.21788235294117647,22.910372,12.38095,57.53016662597657,21.135944039215687,20.16145,32.424346666666665,31.459314,19.518303,10.696544,425,0.1665360501567398,0.03213166144200627,0.09247648902821316,0.04192789968652037,0.0,0.19294117647058823,0.5552941176470588,0.25176470588235295,0.0,65,3,802.0,canon,2287.0,True,2.4862264975951027,39.269154,42.65985,1.1216519,1.0325005,0.17577556597085608,0.21003880598714905,1.2395485785396463,1.0373433229024702,0.06373566830389178,0.09424420759839434,1.4509377792554885,0.9812432125514385,3.2698253260707872,3.737929726691645,0.7603545295744276,0.6651346278239437,56.77272727272727,37.61395348837209,1.1449159327461969,1.728082107085446
동대문구,전농제3동,전농3동,37.579865,127.0561,True,2186,1941,1941,1923,13,926,1104,143,1731,455,40.079502,32.883335,76.56378173828125,0.1947449768160742,21.670584,10.902284,57.60806655883789,18.40891755967714,17.455383333333334,27.156566666666667,20.396755,15.604895,5.5496535,245,0.1120768526989936,0.028819762122598354,0.06221408966148216,0.021043000914913082,0.0,0.2571428571428571,0.5551020408163265,0.18775510204081633,0.0,65,3,,,2287.0,True,2.4862264975951027,39.269154,42.65985,1.0206357,0.9395134,0.17577556597085608,0.21003880598714905,1.107918360213747,0.9271856974276906,0.06373566830389178,0.09424420759839434,0.976126732755751,0.6601370126278415,3.2698253260707872,3.737929726691645,0.7603545295744276,0.6651346278239437,56.77272727272727,37.61395348837209,1.1449159327461969,1.728082107085446
동대문구,제기제1동,제기1동,37.583675,127.03724,True,1657,1462,1462,1445,107,431,983,136,1243,414,37.19924,29.728882,72.02799911499027,0.14500683994528044,18.257591,9.234034,51.93589439392091,18.941651481988146,18.01195,29.104623333333343,27.481106,16.442661,8.416953,194,0.11707905853952927,0.028364514182257092,0.060350030175015085,0.028364514182257092,0.0,0.2422680412371134,0.5154639175257731,0.2422680412371134,0.0,21,2,,,1192.0,True,3.1140939597315436,39.269154,42.65985,0.9472891,0.8719965,0.17577556597085608,0.21003880598714905,0.8249544761489935,0.69038118581836,0.06373566830389178,0.09424420759839434,0.9468800089655612,0.6403579775659685,3.2698253260707872,3.737929726691645,0.9523731848617187,0.8331066091196305,56.77272727272727,37.61395348837209,0.36989591673338673,0.5583034499814518
동대문구,제기제2동,제기2동,37.583675,127.03724,True,2055,1732,1732,1723,5,644,1253,153,1757,298,42.68963,34.85903,80.6803421020508,0.22863741339491916,23.23649,12.6957245,60.71540107727052,19.453137269053116,18.333358333333333,29.603933333333345,30.41567,17.27013,9.471657,322,0.15669099756691,0.08223844282238443,0.04525547445255475,0.029197080291970802,0.0,0.5248447204968945,0.2888198757763975,0.18633540372670807,0.0,21,2,,,1192.0,True,3.1140939597315436,39.269154,42.65985,1.0871034,1.000698,0.17577556597085608,0.21003880598714905,1.3007349009635825,1.0885484342779403,0.06373566830389178,0.09424420759839434,0.7100494221975765,0.48019369684133006,3.2698253260707872,3.737929726691645,0.9523731848617187,0.8331066091196305,56.77272727272727,37.61395348837209,0.36989591673338673,0.5583034499814518
동대문구,청량리동,청량리동,37.58894,127.04512,True,3179,2861,2861,2839,137,610,1479,953,2422,757,41.519653,34.183735,78.42572021484375,0.18909472212513107,21.22301,10.897384,55.43166732788086,20.296644052196203,19.505116666666666,31.154549999999997,28.973387,17.682255,9.037765,316,0.0994023277760302,0.01887385970430953,0.04466813463353256,0.03586033343818811,0.0,0.189873417721519,0.44936708860759494,0.36075949367088606,0.0,21,2,1176.0,canon,1176.0,False,2.703231292517007,39.269154,42.65985,1.0573096,0.9732723,0.17577556597085608,0.21003880598714905,1.0757736496577877,0.900284693756546,0.06373566830389178,0.09424420759839434,0.7008341768780836,0.47396159161184964,3.2698253260707872,3.737929726691645,0.8267203972529527,0.7231894364449634,56.77272727272727,37.61395348837209,0.36989591673338673,0.5583034499814518
동대문구,회기동,회기동,37.5937,127.05141,True,3987,3545,3545,3524,70,578,3101,238,3626,361,38.114445,31.721617,69.55558166503906,0.14894217207334273,17.767227,9.581166,46.531813812255855,20.34721671368124,20.005716666666668,30.312396666666668,25.932587,16.118715,7.6861367,440,0.11035866566340606,0.03110107850514171,0.04941058439929772,0.02984700275896664,0.0,0.2818181818181818,0.44772727272727275,0.27045454545454545,0.0,66,3,303.0,canon,303.0,False,13.158415841584159,39.269154,42.65985,0.970595,0.89345,0.17577556597085608,0.21003880598714905,0.8473428673131829,0.7091174003457987,0.06373566830389178,0.09424420759839434,0.7752422735054407,0.5242824536214736,3.2698253260707872,3.737929726691645,4.0241953405493005,3.5202416320518597,56.77272727272727,37.61395348837209,1.1625300240192153,1.7546679856559912
동대문구,휘경제1동,휘경1동,37.591873,127.06248,True,1693,1487,1487,1472,17,669,868,139,1317,376,43.431313,36.316334,80.04461669921878,0.21385339609952925,21.887047,12.0975,56.92696304321291,21.54426355077337,20.9585,31.135313333333336,22.11786,16.816343,6.676671,205,0.12108682811577082,0.02303603071470762,0.055522740696987594,0.042528056704075605,0.0,0.1902439024390244,0.4585365853658537,0.35121951219512193,0.0,61,2,543.0,canon,543.0,False,3.117863720073665,39.269154,42.65985,1.1059905,1.018084,0.17577556597085608,0.21003880598714905,1.2166275495593428,1.018161358775833,0.06373566830389178,0.09424420759839434,0.8711407940724033,0.589136904133019,3.2698253260707872,3.737929726691645,0.9535260783548557,0.8341151246931584,56.77272727272727,37.61395348837209,1.0744595676541233,1.6217385928032646
동대문구,휘경제2동,휘경2동,37.586506,127.06644,True,5280,4804,4804,4772,15,426,4725,114,4359,921,31.922018,27.631676,53.76203231811523,0.07139883430474604,14.214945,9.132359,34.356035995483396,17.70707338676103,17.107833333333332,26.846983333333323,20.224377,17.186861,6.42838,471,0.08920454545454547,0.02556818181818182,0.037121212121212124,0.026515151515151516,0.0,0.28662420382165604,0.416135881104034,0.29723991507430997,0.0,71,3,858.0,canon,858.0,False,6.153846153846154,39.269154,42.65985,0.8129031,0.74829185,0.17577556597085608,0.21003880598714905,0.4061931697411465,0.33993163296269396,0.06373566830389178,0.09424420759839434,0.5824244588480365,0.39388322176146734,3.2698253260707872,3.737929726691645,1.882010670350081,1.6463247315494025,56.77272727272727,37.61395348837209,1.2506004803843074,1.887597378508718
동작구,노량진제1동,노량진1동,37.513027,126.94916,True,1619,1309,1309,1303,167,461,790,201,1066,553,51.9772,40.584118,98.33075714111328,0.30786860198624905,30.625189,18.135666,75.35194396972656,21.352012541380187,20.61105,31.83961333333334,27.682974,18.603476,8.9311695,310,0.19147621988882024,0.03705991352686844,0.11056207535515751,0.043854231006794316,0.0,0.1935483870967742,0.5774193548387097,0.22903225806451613,0.0,57,3,1223.0,canon,1223.0,False,1.3237939493049877,46.81616,42.65985,1.1102406,1.2184103,0.25956459194118936,0.21003880598714905,1.18609629951378,1.4657701015739233,0.10400239232618086,0.09424420759839434,1.0630724244150427,1.1731445164916552,2.6886247852405822,3.737929726691645,0.4923684243975057,0.3541516417101418,27.866666666666667,37.61395348837209,2.0454545454545454,1.5153950785210832
동작구,노량진제2동,노량진2동,37.51093,126.938,True,756,581,581,579,13,370,285,88,601,155,47.834595,42.759884,79.21538543701172,0.270223752151463,24.766602,18.093834,54.167049407958984,23.067992426850257,22.963283333333333,32.97566666666667,24.34179,17.1547,7.4710903,172,0.2275132275132275,0.047619047619047616,0.11375661375661375,0.06613756613756613,0.0,0.20930232558139536,0.5,0.29069767441860467,0.0,54,3,398.0,canon,398.0,False,1.899497487437186,46.81616,42.65985,1.0217539,1.1213025,0.25956459194118936,0.21003880598714905,1.0410655402979183,1.286542031513911,0.10400239232618086,0.09424420759839434,1.0937884332491208,1.2070409063373762,2.6886247852405822,3.737929726691645,0.7064940775167391,0.5081683248011158,27.866666666666667,37.61395348837209,1.937799043062201,1.4356374428094474
동작구,대방동,대방동,37.507114,126.928024,True,3367,2773,2773,2757,22,980,1984,381,2660,707,40.686115,33.6895,74.83811187744142,0.1702127659574468,20.157047,10.473333,52.24222869873047,20.52906753215531,19.854116666666666,29.717453333333335,24.684233,17.37317,7.8816285,592,0.17582417582417584,0.031482031482031485,0.10246510246510246,0.04187704187704188,0.0,0.17905405405405406,0.5827702702702703,0.23817567567567569,0.0,30,3,1440.0,canon,1440.0,False,2.3381944444444445,46.81616,42.65985,0.8690614,0.9537332,0.25956459194118936,0.21003880598714905,0.6557626550080938,0.8103872289574006,0.10400239232618086,0.09424420759839434,0.9852187067365045,1.0872297096681003,2.6886247852405822,3.737929726691645,0.8696618647868409,0.6255319429222994,27.866666666666667,37.61395348837209,1.076555023923445,0.7975763571163597
동작구,사당제1동,사당1동,37.479717,126.97741,True,870,702,702,701,25,192,525,128,696,174,49.51923,40.575916,91.89795608520508,0.2777777777777778,27.47962,16.063692,67.78548736572266,22.039608903133903,21.011725,34.14989333333333,32.339363,21.75683,12.1111355,167,0.19195402298850575,0.035632183908045977,0.10229885057471265,0.054022988505747126,0.0,0.18562874251497005,0.5329341317365269,0.281437125748503,0.0,20,2,737.0,canon,737.0,False,1.180461329715061,46.81616,42.65985,1.057738,1.1607924,0.25956459194118936,0.21003880598714905,1.0701682217145976,1.322506936145758,0.10400239232618086,0.09424420759839434,0.9836201676387845,1.0854656554665068,2.6886247852405822,3.737929726691645,0.43905766851339634,0.3158061857839848,27.866666666666667,37.61395348837209,0.7177033492822966,0.5317175714109065
동작구,사당제2동,사당2동,37.498234,126.97519,True,1031,804,804,801,26,359,538,108,750,281,49.18556,39.04374,93.21592712402345,0.27114427860696516,26.330013,14.4403,69.53710174560553,22.855545149253732,21.864616666666667,33.172284999999995,28.427557,21.296543,10.943768,227,0.22017458777885546,0.052376333656644035,0.11639185257032007,0.05140640155189137,0.0,0.23788546255506607,0.5286343612334802,0.23348017621145375,0.0,20,2,903.0,canon,903.0,False,1.141749723145072,46.81616,42.65985,1.0506108,1.1529707,0.25956459194118936,0.21003880598714905,1.0446119656736519,1.2909246809542174,0.10400239232618086,0.09424420759839434,1.1191266851370338,1.235002718324124,2.6886247852405822,3.737929726691645,0.42465937583139046,0.30544975604867997,27.866666666666667,37.61395348837209,0.7177033492822966,0.5317175714109065
동작구,사당제3동,사당3동,37.48881,126.97086,True,932,731,731,727,23,297,513,99,755,177,55.19271,48.846382,96.93644714355469,0.359781121751026,33.28032,25.96155,74.70438385009766,21.912393114455085,20.957283333333333,32.56333333333333,26.389305,16.8296,7.6216908,201,0.21566523605150215,0.033261802575107295,0.10944206008583691,0.07296137339055794,0.0,0.15422885572139303,0.5074626865671642,0.3383084577114428,0.0,20,2,771.0,canon,771.0,False,1.2088197146562905,46.81616,42.65985,1.1789244,1.2937858,0.25956459194118936,0.21003880598714905,1.386094763774803,1.71292690443612,0.10400239232618086,0.09424420759839434,1.0523032945491841,1.161260334982131,2.6886247852405822,3.737929726691645,0.4496052112932238,0.3233928412362607,27.866666666666667,37.61395348837209,0.7177033492822966,0.5317175714109065
동작구,사당제4동,사당4동,37.48059,126.97077,True,278,240,240,240,1,99,138,40,219,59,52.49198,42.558,92.96109542846679,0.37083333333333335,30.859474,21.456175,69.08236999511719,21.632504166666667,20.684891666666665,32.556221666666666,31.323765,19.854343,10.802658,38,0.1366906474820144,0.014388489208633094,0.06474820143884892,0.05755395683453238,0.0,0.10526315789473684,0.47368421052631576,0.42105263157894735,0.0,20,2,527.0,canon,527.0,False,0.5275142314990512,46.81616,42.65985,1.1212364,1.2304773,0.25956459194118936,0.21003880598714905,1.4286745759889878,1.7655467597545869,0.10400239232618086,0.09424420759839434,0.6225645390519507,0.6870257927655603,2.6886247852405822,3.737929726691645,0.19620224971326686,0.1411247054036893,27.866666666666667,37.61395348837209,0.7177033492822966,0.5317175714109065
동작구,사당제5동,사당5동,37.485806,126.96504,True,928,695,695,694,1,408,501,18,803,125,48.01388,41.564,86.71743469238282,0.29784172661870506,28.164757,19.738283,66.46439208984376,19.849126474820146,19.46516666666667,29.824223333333336,24.276463,16.831959,7.3369308,233,0.2510775862068966,0.018318965517241378,0.18642241379310345,0.04633620689655173,0.0,0.07296137339055794,0.7424892703862661,0.18454935622317598,0.0,20,2,512.0,canon,512.0,False,1.8125,46.81616,42.65985,1.0255835,1.1255051,0.25956459194118936,0.21003880598714905,1.1474667033406016,1.4180318975767179,0.10400239232618086,0.09424420759839434,1.7924819768417455,1.9780782134379107,2.6886247852405822,3.737929726691645,0.6741364618632774,0.48489408108915993,27.866666666666667,37.61395348837209,0.7177033492822966,0.5317175714109065
동작구,상도제1동,상도1동,37.49833,126.95347,True,4033,3384,3384,3373,55,1680,1947,351,3470,563,48.264717,40.558273,88.09071731567386,0.26773049645390073,26.749905,16.65184,66.75698928833012,21.514809865051223,21.1102,30.929783333333337,22.551725,17.629747,7.1148057,649,0.16092239028018845,0.02777089015621126,0.09595834366476569,0.03719315645921151,0.0,0.17257318952234207,0.5963020030816641,0.23112480739599384,0.0,20,2,1453.0,canon,1453.0,False,2.7756366139022712,46.81616,42.65985,1.0309415,1.1313851,0.25956459194118936,0.21003880598714905,1.0314600094398143,1.2746715788809115,0.10400239232618086,0.09424420759839434,0.9226551574295833,1.0181882378774496,2.6886247852405822,3.737929726691645,1.0323629496906177,0.7425598705299693,27.866666666666667,37.61395348837209,0.7177033492822966,0.5317175714109065
동작구,상도제2동,상도2동,37.503674,126.94206,True,1480,1151,1151,1146,6,332,1041,101,1165,315,41.202095,33.81962,76.89116668701172,0.1833188531711555,20.784988,10.9946,55.31504821777344,20.417108673617143,19.51288333333333,30.476333333333333,21.324774,17.58571,6.9442782,329,0.2222972972972973,0.04054054054054054,0.11824324324324324,0.06351351351351352,0.0,0.182370820668693,0.5319148936170213,0.2857142857142857,0.0,20,2,898.0,canon,898.0,False,1.6481069042316259,46.81616,42.65985,0.8800828,0.96582836,0.25956459194118936,0.21003880598714905,0.7062552399777656,0.8727856374425002,0.10400239232618086,0.09424420759839434,1.1369281090419445,1.254647328004674,2.6886247852405822,3.737929726691645,0.6129925281054607,0.44091436295950037,27.866666666666667,37.61395348837209,0.7177033492822966,0.5317175714109065
동작구,상도제3동,상도3동,37.497227,126.93336,True,1127,979,979,971,72,322,618,115,955,172,42.13052,33.606167,81.17177886962895,0.2083758937691522,22.310972,10.698667,59.77743225097657,19.81954744637385,18.714,30.08481333333334,21.890913,17.452,7.9009237,148,0.13132209405501333,0.024844720496894408,0.08429458740017746,0.022182786157941437,0.0,0.1891891891891892,0.6418918918918919,0.16891891891891891,0.0,20,2,1125.0,canon,1125.0,False,1.0017777777777779,46.81616,42.65985,0.8999141,0.9875918,0.25956459194118936,0.21003880598714905,0.8027901348592446,0.9920828334069914,0.10400239232618086,0.09424420759839434,0.8105062346624282,0.8944272496765479,2.6886247852405822,3.737929726691645,0.37259858023965114,0.26800337379922556,27.866666666666667,37.61395348837209,0.7177033492822966,0.5317175714109065
동작구,상도제4동,상도4동,37.49743,126.940765,True,1304,1129,1129,1126,4,415,752,133,1129,175,44.977184,35.22167,88.27434539794923,0.2329495128432241,23.765486,11.976434,65.00545349121094,21.21169636846767,20.506216666666667,31.51315,24.051483,16.584702,7.697857,175,0.13420245398773006,0.02147239263803681,0.06901840490797546,0.04371165644171779,0.0,0.16,0.5142857142857142,0.32571428571428573,0.0,10,1,1331.0,canon,1331.0,False,0.9797145003756574,46.81616,42.65985,0.9607192,1.0543212,0.25956459194118936,0.21003880598714905,0.8974625972713738,1.109078447424981,0.10400239232618086,0.09424420759839434,0.6636232433145793,0.7323357760307737,2.6886247852405822,3.737929726691645,0.3643924231279416,0.2621008344217268,27.866666666666667,37.61395348837209,0.3588516746411483,0.26585878570545324
동작구,신대방제1동,신대방1동,37.48995,126.910706,True,2048,1708,1708,1701,28,489,1142,389,1734,314,49.40808,41.528,91.9006332397461,0.31323185011709603,28.96198,19.024584,69.00663146972656,20.446099717017955,19.640441666666668,30.213846666666665,26.397095,17.18423,8.393239,339,0.16552734375,0.01904296875,0.11572265625,0.03076171875,0.0,0.11504424778761062,0.6991150442477876,0.18584070796460178,0.0,54,5,847.0,canon,847.0,False,2.4179456906729633,46.81616,42.65985,1.0553639,1.1581869,0.25956459194118936,0.21003880598714905,1.2067587792870698,1.4913046598458606,0.10400239232618086,0.09424420759839434,1.1126922531460728,1.2279020557224314,2.6886247852405822,3.737929726691645,0.8993243326277682,0.6468676158909576,27.866666666666667,37.61395348837209,1.937799043062201,1.4356374428094474
동작구,신대방제2동,신대방2동,37.49431,126.92153,True,12164,10411,10411,10373,62,1467,9666,969,11221,943,40.580704,31.70295,80.8566665649414,0.19469791566612238,22.2421,10.865933,60.29083251953125,18.338603654788205,17.757116666666665,29.119666666666667,21.947437,16.156197,6.289997,1747,0.14362051956593225,0.0210457086484709,0.08944426175600131,0.03313054916146005,0.0,0.14653692043503147,0.6227819118488838,0.2306811677160847,0.0,30,3,782.0,canon,782.0,False,15.554987212276215,46.81616,42.65985,0.8668098,0.9512622,0.25956459194118936,0.21003880598714905,0.7500942798478304,0.9269616381176472,0.10400239232618086,0.09424420759839434,0.8600211952382678,0.9490690625481496,2.6886247852405822,3.737929726691645,5.785480851648227,4.1613910238070675,27.866666666666667,37.61395348837209,1.076555023923445,0.7975763571163597
동작구,흑석동,흑석동,37.506298,126.96376,True,4356,3684,3684,3674,19,703,3461,173,3816,540,40.77779,33.967308,74.49341735839845,0.16748099891422366,20.50145,11.31795,52.61970062255861,20.276339196525516,19.659108333333336,30.825283333333335,21.672295,18.266008,7.281202,671,0.15404040404040403,0.026170798898071626,0.081267217630854,0.04660238751147842,0.0,0.16989567809239942,0.5275707898658718,0.3025335320417288,0.0,23,2,964.0,canon,964.0,False,4.518672199170124,46.81616,42.65985,0.87101954,0.95588213,0.25956459194118936,0.21003880598714905,0.645238234004469,0.7973812178520514,0.10400239232618086,0.09424420759839434,0.7813975795477576,0.8623046413330824,2.6886247852405822,3.737929726691645,1.6806630006446908,1.2088702917295069,27.866666666666667,37.61395348837209,0.8253588516746412,0.6114752071225424
마포구,공덕동,공덕동,37.549118,126.95779,True,1932,1704,1704,1694,34,570,1108,220,1442,490,44.344013,35.673584,83.94371643066408,0.20011737089201878,23.039707,12.211058,60.458234024047854,21.304303120109545,20.0577,32.52339666666667,25.280313,16.298882,7.362104,226,0.11697722567287784,0.027432712215320912,0.06521739130434782,0.024327122153209108,0.0,0.2345132743362832,0.5575221238938053,0.2079646017699115,0.0,57,3,1349.0,canon,1349.0,False,1.4321719792438843,39.20456,42.65985,1.1310933,1.0394789,0.15700991086539767,0.21003880598714905,1.2745524775412205,0.9527637997726129,0.08517830523510429,0.09424420759839434,0.7656573011676918,0.6920042405392238,4.937150572343716,3.737929726691645,0.29008067675035837,0.38314577425495544,50.3125,37.61395348837209,1.132919254658385,1.5153950785210832
마포구,대흥동,대흥동,37.55212,126.9414,True,6257,5231,5231,5194,392,635,4957,273,5595,662,44.565437,34.604717,90.33111572265625,0.2380042056968075,25.816807,12.69745,70.06289672851562,18.748626996112915,18.00705,28.25678333333333,21.977505,14.990236,5.9939346,1025,0.16381652549144957,0.038676682116030044,0.09940866229822598,0.025731181077193542,0.0,0.23609756097560974,0.6068292682926829,0.15707317073170732,0.0,44,2,416.0,canon,416.0,False,15.040865384615385,39.20456,42.65985,1.1367412,1.0446693,0.15700991086539767,0.21003880598714905,1.5158546641099941,1.1331439663172027,0.08517830523510429,0.09424420759839434,1.1670655106819028,1.0547986431361287,4.937150572343716,3.737929726691645,3.0464668160759234,4.023849158322114,50.3125,37.61395348837209,0.8745341614906832,1.169778657103994
마포구,도화동,도화동,37.53704,126.94681,True,1433,1152,1152,1143,26,298,975,134,1134,299,35.936234,29.19825,61.545755004882864,0.109375,17.078049,9.712858,41.9584671020508,18.858186226851853,17.712891666666664,29.063195000000007,24.929125,17.468513,7.883227,280,0.19539427773900908,0.04884856943475227,0.09630146545708304,0.05024424284717376,0.0,0.25,0.4928571428571429,0.2571428571428571,0.0,57,3,674.0,canon,674.0,False,2.126112759643917,39.20456,42.65985,0.916634,0.84239006,0.15700991086539767,0.21003880598714905,0.6966120762514515,0.5207371061073922,0.08517830523510429,0.09424420759839434,1.1305867754855798,1.0218290111521267,4.937150572343716,3.737929726691645,0.4306355920262382,0.5687942029679863,50.3125,37.61395348837209,1.132919254658385,1.5153950785210832
마포구,망원제1동,망원1동,37.552753,126.90021,True,2775,2342,2342,2331,11,502,1797,465,2396,379,44.95775,35.354607,85.7788101196289,0.22758326216908625,24.994112,12.853416,65.35422821044922,19.96363687019641,18.512141666666665,30.264988333333335,22.826727,18.083813,7.0867167,432,0.15567567567567567,0.02882882882882883,0.09081081081081081,0.036036036036036036,0.0,0.18518518518518517,0.5833333333333334,0.23148148148148148,0.0,77,4,705.0,canon,705.0,False,3.9361702127659575,39.20456,42.65985,1.146748,1.0538656,0.15700991086539767,0.21003880598714905,1.4494834174142681,1.0835295939694622,0.08517830523510429,0.09424420759839434,1.0661260582745806,0.9635691479075895,4.937150572343716,3.737929726691645,0.7972554523281263,1.0530348349405088,50.3125,37.61395348837209,1.5304347826086957,2.04711264993199
마포구,망원제2동,망원2동,37.55712,126.89568,True,2169,1879,1879,1866,36,631,1349,153,1740,429,44.55953,36.989,81.50126342773439,0.22139435870143692,24.94632,15.859616,60.509783172607435,19.61320830228845,18.66245,28.590103333333335,26.095873,18.145763,8.595515,289,0.13324112494236975,0.0239741816505302,0.06408483171968649,0.045182111572153065,0.0,0.17993079584775087,0.4809688581314879,0.3391003460207612,0.0,67,3,716.0,canon,716.0,False,3.0293296089385473,39.20456,42.65985,1.1365905,1.0445307,0.15700991086539767,0.21003880598714905,1.4100661383804944,1.054064070022292,0.08517830523510429,0.09424420759839434,0.7523609626043063,0.679986954665406,4.937150572343716,3.737929726691645,0.613578533721019,0.8104297914716917,50.3125,37.61395348837209,1.3316770186335403,1.7812538642265365
마포구,상암동,상암동,37.571793,126.88086,True,13556,11108,11108,11058,35,2532,8432,2557,12081,1475,44.240692,33.574383,90.57423400878906,0.23172488296723082,25.617348,12.765667,67.23873748779297,18.623346008882486,17.65833333333333,29.56979833333333,28.701084,20.199108,10.006673,2443,0.18021540277367956,0.023384479197403364,0.11839775745057539,0.038433166125700795,0.0,0.12975849365534178,0.6569791240278346,0.21326238231682357,0.0,30,1,1132.0,canon,1132.0,False,11.975265017667844,39.20456,42.65985,1.1284578,1.0370569,0.15700991086539767,0.21003880598714905,1.4758615025639064,1.1032479540062163,0.08517830523510429,0.09424420759839434,1.3899989806533561,1.2562868368007007,4.937150572343716,3.737929726691645,2.4255417861365856,3.203715931884807,50.3125,37.61395348837209,0.5962732919254659,0.7975763571163597
마포구,서강동,서강동,37.545948,126.925156,True,1671,1487,1487,1475,12,851,716,92,1468,203,35.58559,31.304783,57.88253097534184,0.08675184936112978,16.3364,9.92,38.60243225097656,19.249192019726518,18.555666666666664,27.58598333333334,21.256966,17.963844,6.576906,183,0.1095152603231598,0.022142429682824656,0.06283662477558348,0.024536205864751647,0.0,0.20218579234972678,0.5737704918032787,0.22404371584699453,0.0,44,2,635.0,canon,635.0,False,2.631496062992126,39.20456,42.65985,0.9076901,0.8341705,0.15700991086539767,0.21003880598714905,0.5525246711050036,0.4130277210128379,0.08517830523510429,0.09424420759839434,0.7377069149491225,0.6667425656900959,4.937150572343716,3.737929726691645,0.5329989483676872,0.7039982705403085,50.3125,37.61395348837209,0.8745341614906832,1.169778657103994
마포구,서교동,서교동,37.55477,126.920944,True,3903,3178,3178,3151,93,565,2454,791,2910,993,40.60598,31.346891,79.13075180053713,0.1765261170547514,21.479584,10.07125,56.91596984863283,19.126396260750997,18.364675,28.067586666666664,24.529577,18.771378,8.768193,723,0.18524212144504226,0.04355623879067384,0.10940302331539842,0.03228285933897002,0.0,0.2351313969571231,0.5905947441217151,0.17427385892116182,0.0,74,3,616.0,canon,616.0,False,6.336038961038961,39.20456,42.65985,1.0357463,0.9518547,0.15700991086539767,0.21003880598714905,1.1242991992147853,0.8404452511768322,0.08517830523510429,0.09424420759839434,1.2844000947592282,1.1608461262850316,4.937150572343716,3.737929726691645,1.2833392192920658,1.6950663667630912,50.3125,37.61395348837209,1.470807453416149,1.9673550142203537
마포구,성산제1동,성산1동,37.56198,126.91184,True,4316,3563,3563,3551,63,794,3086,373,3812,504,39.553608,31.207167,76.01068115234379,0.1807465618860511,22.93775,11.048117,58.4765968322754,16.615855281130134,15.415833333333333,25.917793333333336,22.806437,16.579466,6.7888536,753,0.17446709916589434,0.044717330861909176,0.09476367006487488,0.03498609823911029,0.0,0.25630810092961487,0.5431606905710491,0.20053120849933598,0.0,30,1,640.0,canon,640.0,False,6.74375,39.20456,42.65985,1.0089033,0.9271858,0.15700991086539767,0.21003880598714905,1.1511793165783177,0.8605388944036838,0.08517830523510429,0.09424420759839434,1.1125329366828045,1.0055118768539508,4.937150572343716,3.737929726691645,1.3659194511458201,1.8041403913627712,50.3125,37.61395348837209,0.5962732919254659,0.7975763571163597
마포구,성산제2동,성산2동,37.568108,126.90205,True,20050,18242,18242,18180,71,3249,16005,725,18361,1689,31.683334,25.566166,56.816224670410186,0.0891349632715711,15.474948,9.055725,39.692829513549825,16.20838567591273,15.405975,25.009878333333333,22.241173,19.29582,7.4560018,1803,0.08992518703241895,0.01775561097256858,0.04872817955112219,0.02344139650872818,0.0,0.19744869661674985,0.5418746533555185,0.26067665002773155,0.0,30,1,1842.0,canon,1842.0,False,10.884907709011944,39.20456,42.65985,0.80815434,0.74269676,0.15700991086539767,0.21003880598714905,0.5677027824567407,0.42437378584710056,0.08517830523510429,0.09424420759839434,0.5720726588375462,0.5170416388747099,4.937150572343716,3.737929726691645,2.204694296743874,2.9120150738216055,50.3125,37.61395348837209,0.5962732919254659,0.7975763571163597
마포구,신수동,신수동,37.543625,126.93364,True,1601,1382,1382,1377,10,782,758,51,1411,190,35.227474,30.6705,57.104055404663086,0.08610709117221418,16.817423,11.297976,37.59683837890628,18.410048781958515,17.958475,25.963655000000003,22.848835,19.497038,8.210925,218,0.1361648969394129,0.021236727045596503,0.08494690818238601,0.029981261711430358,0.0,0.1559633027522936,0.6238532110091743,0.22018348623853212,0.0,44,2,657.0,canon,657.0,False,2.436834094368341,39.20456,42.65985,0.8985555,0.82577586,0.15700991086539767,0.21003880598714905,0.5484181902761065,0.40995801117571834,0.08517830523510429,0.09424420759839434,0.997283380409136,0.9013488504712439,4.937150572343716,3.737929726691645,0.49357094920675076,0.651920788389226,50.3125,37.61395348837209,0.8745341614906832,1.169778657103994
마포구,아현동,아현동,37.551926,126.95284,True,2849,2373,2373,2365,63,953,1561,272,2297,552,38.398956,31.245,65.68636474609376,0.12431521281078803,18.515512,9.8046665,45.78939132690433,19.88344466919511,18.910666666666668,29.59803333333335,24.536057,17.40982,7.5656257,476,0.16707616707616707,0.0358020358020358,0.10319410319410319,0.02808002808002808,0.0,0.21428571428571427,0.6176470588235294,0.16806722689075632,0.0,57,3,721.0,canon,721.0,False,3.9514563106796117,39.20456,42.65985,0.9794513,0.9001193,0.15700991086539767,0.21003880598714905,0.7917666606241288,0.5918678323585314,0.08517830523510429,0.09424420759839434,1.2115068844029324,1.094964940804079,4.937150572343716,3.737929726691645,0.8003515900070706,1.0571242906101808,50.3125,37.61395348837209,1.132919254658385,1.5153950785210832
마포구,연남동,연남동,37.56303,126.92155,True,730,622,622,620,5,302,351,72,574,156,30.060932,26.008,49.26181869506833,0.04501607717041801,13.06132,9.068666,29.05482711791992,16.999611521972135,16.55388333333333,24.361994999999997,16.016735,16.344793,4.8750777,108,0.14794520547945206,0.019178082191780823,0.0821917808219178,0.04657534246575343,0.0,0.12962962962962962,0.5555555555555556,0.3148148148148148,0.0,40,2,446.0,canon,446.0,False,1.6367713004484306,39.20456,42.65985,0.7667713,0.70466566,0.15700991086539767,0.21003880598714905,0.28670850726747843,0.21432266746542186,0.08517830523510429,0.09424420759839434,0.9649379685948992,0.8721149332823095,4.937150572343716,3.737929726691645,0.33152144672619094,0.43788177417051094,50.3125,37.61395348837209,0.7950310559006211,1.063435142821813
마포구,염리동,염리동,37.549824,126.94755,True,1875,1663,1663,1654,96,541,1185,53,1549,326,31.97686,27.61645,50.099632263183594,0.06374022850270596,13.5816345,9.109,28.865245819091793,18.395227219883743,17.7135,27.055733333333333,22.6966,15.888217,6.491263,211,0.11253333333333333,0.026133333333333335,0.05173333333333333,0.034666666666666665,0.0,0.23222748815165878,0.4597156398104265,0.3080568720379147,0.0,57,3,517.0,canon,517.0,False,3.6266924564796907,39.20456,42.65985,0.81564134,0.7495774,0.15700991086539767,0.21003880598714905,0.40596308953610916,0.303468819502839,0.08517830523510429,0.09424420759839434,0.6073534004995984,0.5489285193397363,4.937150572343716,3.737929726691645,0.7345719769608045,0.9702409412842526,50.3125,37.61395348837209,1.132919254658385,1.5153950785210832
마포구,용강동,용강동,37.54059,126.94127,True,1002,760,760,757,20,271,661,50,846,156,41.304276,32.596672,79.40348510742191,0.16710526315789473,21.782738,10.267467,61.4684909820557,19.521538837719298,18.633200000000002,30.138001666666668,27.27831,18.875149,9.095039,242,0.24151696606786427,0.0998003992015968,0.0968063872255489,0.04491017964071856,0.0,0.4132231404958678,0.40082644628099173,0.1859504132231405,0.0,57,3,597.0,canon,597.0,False,1.678391959798995,39.20456,42.65985,1.053558,0.96822363,0.15700991086539767,0.21003880598714905,1.0642975480774055,0.7955923305340007,0.08517830523510429,0.09424420759839434,1.1365145967432604,1.0271866005608838,4.937150572343716,3.737929726691645,0.33995154395346805,0.4490164563057478,50.3125,37.61395348837209,1.132919254658385,1.5153950785210832
마포구,합정동,합정동,37.54687,126.908844,True,787,620,620,616,17,231,404,135,566,221,44.272312,34.202885,86.00303115844727,0.2645161290322581,24.707693,11.397491,63.51607322692872,19.564621559139784,18.808766666666664,28.514033333333334,24.19403,19.668257,8.532496,167,0.2121982210927573,0.0698856416772554,0.0940279542566709,0.048284625158831,0.0,0.32934131736526945,0.4431137724550898,0.2275449101796407,0.0,40,2,515.0,canon,515.0,False,1.5281553398058252,39.20456,42.65985,1.1292644,1.037798,0.15700991086539767,0.21003880598714905,1.6847097586025888,1.2593678953233154,0.08517830523510429,0.09424420759839434,1.1038955752540547,0.9977053938142812,4.937150572343716,3.737929726691645,0.30952172055801697,0.4088239885553868,50.3125,37.61395348837209,0.7950310559006211,1.063435142821813
서대문구,남가좌제1동,남가좌1동,37.571693,126.9162,True,1970,1665,1665,1657,61,569,1195,145,1643,327,34.208015,29.087334,56.02038574218752,0.08588588588588589,15.159192,9.2206,35.69853210449219,19.0488217017017,18.152566666666665,27.961679999999998,19.23732,16.417053,5.9541993,304,0.15431472081218273,0.030456852791878174,0.08274111675126904,0.04111675126903553,0.0,0.19736842105263158,0.5361842105263158,0.26644736842105265,0.0,42,2,530.0,canon,530.0,False,3.7169811320754715,42.065514,42.65985,0.8132081,0.80187845,0.19098573943373198,0.21003880598714905,0.4496978996470387,0.40890484728398574,0.08583693430477927,0.09424420759839434,0.9639337357678923,0.8779437894353808,7.688034058440051,3.737929726691645,0.48347615317792564,0.994395669221231,33.57142857142857,37.61395348837209,1.251063829787234,1.1166068999629035
서대문구,남가좌제2동,남가좌2동,37.577625,126.92133,True,3213,2742,2742,2729,11,1185,1810,207,2697,516,37.98889,30.842117,66.86116638183596,0.13712618526622902,19.092846,10.170616,47.23265037536622,18.896046450279602,17.96014166666667,27.76563333333333,23.204294,16.287579,6.86331,471,0.1465919701213819,0.04139433551198257,0.07096171802054155,0.034235916588857766,0.0,0.2823779193205945,0.4840764331210191,0.23354564755838642,0.0,42,2,1133.0,canon,1133.0,False,2.8358340688437775,42.065514,42.65985,0.90308875,0.8905069,0.19098573943373198,0.21003880598714905,0.7179917499222968,0.652861192110466,0.08583693430477927,0.09424420759839434,0.8267037796175172,0.7529557500545055,7.688034058440051,3.737929726691645,0.3688633592524934,0.7586643613425308,33.57142857142857,37.61395348837209,1.251063829787234,1.1166068999629035
서대문구,북가좌제1동,북가좌1동,37.575268,126.908005,True,1001,857,857,852,9,312,517,163,766,235,35.173653,29.119167,61.91021575927734,0.1073512252042007,17.833315,9.760834,43.385216522216794,17.340335880980163,16.11,26.63504,22.313057,16.701464,6.941709,144,0.14385614385614387,0.04095904095904096,0.06793206793206794,0.03496503496503497,0.0,0.2847222222222222,0.4722222222222222,0.24305555555555555,0.0,42,2,683.0,canon,683.0,False,1.465592972181552,42.065514,42.65985,0.83616364,0.8245142,0.19098573943373198,0.21003880598714905,0.5620902666476274,0.5111018637706827,0.08583693430477927,0.09424420759839434,0.791408366133663,0.7208089458563743,7.688034058440051,3.737929726691645,0.19063299681569434,0.39208681792921624,33.57142857142857,37.61395348837209,1.251063829787234,1.1166068999629035
서대문구,북가좌제2동,북가좌2동,37.581005,126.9135,True,3278,2729,2729,2715,25,1276,1703,274,2722,556,40.187553,33.34795,73.18106536865236,0.17515573470135581,22.404728,13.387617,54.76496810913091,17.78282850250397,16.856733333333334,26.912850000000002,23.96651,16.331871,7.160406,548,0.1671751067724222,0.021659548505186088,0.09975594874923734,0.04575960951799878,0.0,0.12956204379562045,0.5967153284671532,0.2737226277372263,0.0,54,3,1462.0,canon,1462.0,False,2.2421340629274966,42.065514,42.65985,0.9553563,0.9420463,0.19098573943373198,0.21003880598714905,0.9171142055982203,0.8339208265736975,0.08583693430477927,0.09424420759839434,1.1621564721199866,1.058483606486781,7.688034058440051,3.737929726691645,0.29163945501334565,0.5998331233776183,33.57142857142857,37.61395348837209,1.6085106382978724,1.4356374428094474
서대문구,북아현동,북아현동,37.559246,126.95551,True,2286,1878,1878,1867,10,292,1826,158,2094,192,41.155865,31.420082,86.54396438598633,0.17412140575079874,21.407278,9.545192,63.95979881286621,19.748588498402555,18.90891666666667,30.242101666666667,22.258934,15.025487,5.7480907,407,0.1780402449693788,0.0284339457567804,0.11242344706911636,0.03718285214348206,0.0,0.1597051597051597,0.6314496314496314,0.20884520884520885,0.0,54,3,505.0,canon,505.0,False,4.526732673267326,42.065514,42.65985,0.97837543,0.9647447,0.19098573943373198,0.21003880598714905,0.9116984664251081,0.8289963606127723,0.08583693430477927,0.09424420759839434,1.3097327855388794,1.1928950323206042,7.688034058440051,3.737929726691645,0.5888023698721527,1.2110266923808204,33.57142857142857,37.61395348837209,1.6085106382978724,1.4356374428094474
서대문구,신촌동,신촌동,37.563637,126.94106,True,25405,21639,21639,21513,281,2003,21748,1373,23972,1433,46.408398,32.0135,102.69205322265626,0.26817320578584963,28.40523,10.929216,80.23935852050782,18.00316952570205,17.509166666666665,29.423356666666667,32.947636,18.109016,10.677843,3754,0.1477661877583153,0.02771108049596536,0.08065341468214918,0.03940169258020075,0.0,0.1875332978156633,0.5458177943526905,0.26664890783164624,0.0,44,2,425.0,canon,425.0,False,59.77647058823529,42.065514,42.65985,1.103241,1.0878706,0.19098573943373198,0.21003880598714905,1.404153035619186,1.2767793290648275,0.08583693430477927,0.09424420759839434,0.9396120135858407,0.8557917429349078,7.688034058440051,3.737929726691645,7.775260896849396,15.991865807798924,33.57142857142857,37.61395348837209,1.3106382978723405,1.169778657103994
서대문구,연희동,연희동,37.572006,126.93273,True,12317,11019,11019,10984,10,1684,10420,203,11516,801,39.02111,31.348618,74.98648376464845,0.15001361285053091,19.32377,9.5581665,55.338843536377,19.697342227062347,19.262216666666667,29.315646666666662,21.370657,17.394854,6.496646,1294,0.1050580498498011,0.02143379069578631,0.05691320938540229,0.026711049768612487,0.0,0.20401854714064915,0.5417310664605873,0.2542503863987635,0.0,52,3,1114.0,canon,1114.0,False,11.056552962298024,42.065514,42.65985,0.9276271,0.91470337,0.19098573943373198,0.21003880598714905,0.7854702308942939,0.7142185566400016,0.08583693430477927,0.09424420759839434,0.6630387006055207,0.6038907943067254,7.688034058440051,3.737929726691645,1.4381508820398574,2.95793494547152,33.57142857142857,37.61395348837209,1.548936170212766,1.3824656856683568
서대문구,천연동,천연동,37.571213,126.95714,True,2027,1777,1777,1765,19,779,1044,185,1734,293,43.749866,34.504333,80.96233062744142,0.19583567810917277,22.681316,10.946716,59.301949310302746,21.06855303882949,20.16055,30.857826666666668,23.916409,17.694796,7.4363604,250,0.12333497779970398,0.028613714849531326,0.05920078934385792,0.03552047360631475,0.0,0.232,0.48,0.288,0.0,20,2,678.0,canon,678.0,False,2.989675516224189,42.065514,42.65985,1.0400412,1.0255513,0.19098573943373198,0.21003880598714905,1.025394245087726,0.9323785535190803,0.08583693430477927,0.09424420759839434,0.689688999535503,0.6281636914613576,7.688034058440051,3.737929726691645,0.38887386469653756,0.7998212205209865,33.57142857142857,37.61395348837209,0.5957446808510639,0.5317175714109065
서대문구,충현동,충현동,37.563908,126.9581,True,2357,1783,1783,1761,227,554,1199,377,1888,469,52.43101,40.13378,103.5401626586914,0.30173864273696016,29.35375,14.791217,79.01441497802733,23.077257814544772,21.764783333333334,34.966726666666666,31.313524,17.041334,9.50287,573,0.24310564276622823,0.04794229953330505,0.14255409418752651,0.05260924904539669,0.0,0.19720767888307156,0.5863874345549738,0.2164048865619546,0.0,20,2,673.0,canon,673.0,False,3.50222882615156,42.065514,42.65985,1.2464132,1.2290481,0.19098573943373198,0.21003880598714905,1.5799014294554548,1.4365852125222118,0.08583693430477927,0.09424420759839434,1.6607547245497247,1.5126032444879427,7.688034058440051,3.737929726691645,0.4555428344268006,0.9369434639562638,33.57142857142857,37.61395348837209,0.5957446808510639,0.5317175714109065
서대문구,홍제제1동,홍1동,37.581543,126.9452,True,1581,1379,1379,1374,9,438,1040,94,1212,369,38.035877,31.656666,67.78836364746094,0.14720812182741116,17.710314,9.707067,43.874202728271484,20.325567512690355,19.307783333333337,30.378906666666666,18.555946,15.8764715,5.1308975,202,0.1277672359266287,0.028462998102466792,0.06767868437697659,0.031625553447185324,0.0,0.22277227722772278,0.5297029702970297,0.24752475247524752,0.0,32,3,950.0,canon,950.0,False,1.6642105263157896,42.065514,42.65985,0.9042057,0.8916083,0.19098573943373198,0.21003880598714905,0.770780699458921,0.7008615438254676,0.08583693430477927,0.09424420759839434,0.7884564485571142,0.7181203609390806,7.688034058440051,3.737929726691645,0.216467631863414,0.4452225290465115,33.57142857142857,37.61395348837209,0.9531914893617022,0.8507481142574503
서대문구,홍제제2동,홍2동,37.584545,126.95252,True,1883,1647,1647,1635,60,1007,716,100,1601,282,41.945267,34.6051,76.49339447021485,0.1809350333940498,20.662462,10.84395,53.505541992187524,21.282804412062337,20.407733333333333,30.436750000000004,20.075706,16.306625,6.0974135,236,0.1253319171534785,0.019118428040361127,0.07753584705257567,0.02867764206054169,0.0,0.15254237288135594,0.6186440677966102,0.2288135593220339,0.0,22,2,513.0,canon,513.0,False,3.6705653021442495,42.065514,42.65985,0.9971414,0.98324925,0.19098573943373198,0.21003880598714905,0.9473745732561902,0.8614362119594227,0.08583693430477927,0.09424420759839434,0.9032923610397231,0.8227120692974733,7.688034058440051,3.737929726691645,0.4774387410673138,0.9819781457991672,33.57142857142857,37.61395348837209,0.6553191489361703,0.584889328551997
서대문구,홍제제3동,홍3동,37.592022,126.95116,True,2999,2612,2612,2603,29,649,2132,189,2665,334,51.709347,42.094833,100.48221282958987,0.31049004594180707,30.516674,20.02655,75.62676544189453,21.192670112302196,20.611308333333334,31.50633833333334,26.221706,17.817352,8.10282,387,0.12904301433811272,0.025341780593531177,0.07069023007669223,0.033011003667889297,0.0,0.19638242894056848,0.5478036175710594,0.2558139534883721,0.0,22,2,851.0,canon,851.0,False,3.524089306698002,42.065514,42.65985,1.2292575,1.2121315,0.19098573943373198,0.21003880598714905,1.6257237156156392,1.4782508617041177,0.08583693430477927,0.09424420759839434,0.8235409459719754,0.7500750643257209,7.688034058440051,3.737929726691645,0.45838627663585835,0.9427917495434276,33.57142857142857,37.61395348837209,0.6553191489361703,0.584889328551997
서대문구,홍은제1동,홍은1동,37.59998,126.94703,True,1982,1560,1560,1555,7,1020,814,141,1706,276,49.171745,42.072693,85.81464843750003,0.2955128205128205,25.625345,16.388025,60.34223518371584,23.546399252136755,22.883725,33.77046000000001,24.990728,18.475328,8.591689,418,0.21089808274470234,0.046922300706357216,0.12865792129162462,0.035317860746720484,0.0,0.22248803827751196,0.6100478468899522,0.1674641148325359,0.0,12,1,995.0,canon,995.0,False,1.9919597989949749,42.065514,42.65985,1.1689324,1.1526469,0.19098573943373198,0.21003880598714905,1.5473030677002835,1.4069439174535256,0.08583693430477927,0.09424420759839434,1.4988643563946706,1.3651546823957443,7.688034058440051,3.737929726691645,0.2590987219688717,0.5329045607173606,33.57142857142857,37.61395348837209,0.3574468085106383,0.31903054284654386
서대문구,홍은제2동,홍은2동,37.58699,126.932175,True,5594,4811,4811,4791,44,2112,3128,310,4583,1011,37.730556,30.7149,69.17078399658203,0.14425275410517563,19.212051,9.90695,49.073665618896484,18.518503149033464,17.7621,27.512549999999997,21.212563,16.136164,6.1306825,781,0.1396138720057204,0.021809081158383984,0.08401859134787272,0.03378619949946371,0.0,0.15620998719590268,0.6017925736235595,0.24199743918053776,0.0,12,1,1198.0,canon,1198.0,False,4.669449081803005,42.065514,42.65985,0.8969475,0.8844512,0.19098573943373198,0.21003880598714905,0.7553064146720142,0.6867909643040037,0.08583693430477927,0.09424420759839434,0.9788163105819903,0.891498729618521,7.688034058440051,3.737929726691645,0.6073658163203384,1.2492072947384774,33.57142857142857,37.61395348837209,0.3574468085106383,0.31903054284654386
서초구,내곡동,내곡동,37.45652,127.07055,True,5886,4667,4667,4651,30,819,4558,479,5395,491,54.763702,47.252117,95.5098831176758,0.33876151703449753,33.038673,25.563383,72.72406768798831,21.725029240768514,21.307166666666667,31.912873333333337,30.075022,20.080843,10.275673,1216,0.20659191301393137,0.04621134896364254,0.1126401630988787,0.04774040095141013,0.0,0.2236842105263158,0.5452302631578947,0.23108552631578946,0.0,0,0,796.0,canon,796.0,False,7.394472361809045,54.4675,42.65985,1.0054382,1.2837293,0.32849417465442504,0.21003880598714905,1.0312557822094524,1.6128520415185763,0.131736349193212,0.09424420759839434,0.8550423917826525,1.1951945479649593,3.932702316219645,3.737929726691645,1.880252245717155,1.9782266929757724,17.058823529411764,37.61395348837209,0.0,0.0
서초구,반포1동,반포1동,37.505505,127.01663,True,901,673,673,669,24,105,584,188,663,238,52.918774,41.587,103.6723785400391,0.27934621099554235,26.658194,13.926167,70.45479888916022,26.260581005448245,25.009333333333334,40.47375000000001,28.72193,19.578238,10.170322,226,0.25083240843507215,0.014428412874583796,0.15316315205327413,0.08324084350721421,0.0,0.05752212389380531,0.6106194690265486,0.33185840707964603,0.0,10,1,586.0,canon,586.0,False,1.5375426621160408,54.4675,42.65985,0.9715661,1.2404819,0.32849417465442504,0.21003880598714905,0.8503840632468256,1.3299742858595083,0.131736349193212,0.09424420759839434,1.1626491320830241,1.625173110966701,3.932702316219645,3.737929726691645,0.39096339831640786,0.411335357948766,17.058823529411764,37.61395348837209,0.5862068965517242,0.26585878570545324
서초구,반포2동,반포2동,37.50638,126.9957,True,664,500,500,497,109,169,308,78,471,193,60.05576,52.539593,104.12361907958986,0.408,30.730116,20.482275,73.2039260864258,29.3256429,28.939466666666664,40.796690000000005,27.968533,18.50502,9.054241,163,0.24548192771084337,0.02710843373493976,0.1536144578313253,0.06475903614457831,0.0,0.11042944785276074,0.6257668711656442,0.26380368098159507,0.0,30,3,435.0,canon,435.0,False,1.5264367816091955,54.4675,42.65985,1.1025981,1.4077817,0.32849417465442504,0.21003880598714905,1.2420311575668421,1.9424981878108891,0.131736349193212,0.09424420759839434,1.1660749578389,1.629961795486967,3.932702316219645,3.737929726691645,0.3881394163279819,0.4083642265153576,17.058823529411764,37.61395348837209,1.7586206896551724,0.7975763571163597
서초구,반포3동,반포3동,37.51241,127.00359,True,1540,1335,1335,1328,14,383,1007,136,1252,288,48.642456,40.334217,90.00688323974614,0.24194756554307117,24.526155,14.57705,62.4886901855469,24.116300287141073,22.96305,35.835110000000014,26.20071,21.383352,10.148103,204,0.13246753246753246,0.02142857142857143,0.07467532467532467,0.03636363636363636,0.0,0.16176470588235295,0.5637254901960784,0.27450980392156865,0.0,20,2,413.0,canon,413.0,False,3.7288135593220337,54.4675,42.65985,0.8930547,1.1402397,0.32849417465442504,0.21003880598714905,0.7365353306420102,1.1519184010114514,0.131736349193212,0.09424420759839434,0.5668543658045481,0.7923598338641762,3.932702316219645,3.737929726691645,0.948155558060748,0.9975611720829006,17.058823529411764,37.61395348837209,1.1724137931034484,0.5317175714109065
서초구,반포4동,반포4동,37.49958,127.00329,True,3545,2898,2898,2879,46,433,2678,388,3014,531,53.303173,41.40656,106.46727371215822,0.29296066252587993,29.931786,17.196526,78.05648880004884,23.371389136185876,22.11975,35.84161666666668,35.16683,21.877024,13.057384,645,0.18194640338504936,0.03526093088857546,0.11311706629055007,0.033568406205923836,0.0,0.1937984496124031,0.6217054263565891,0.18449612403100776,0.0,30,3,359.0,canon,359.0,False,9.874651810584957,54.4675,42.65985,0.97862345,1.2494928,0.32849417465442504,0.21003880598714905,0.8918290950945287,1.3947930295499982,0.131736349193212,0.09424420759839434,0.8586625254404626,1.2002548397730628,3.932702316219645,3.737929726691645,2.5109075176778393,2.641743567320829,17.058823529411764,37.61395348837209,1.7586206896551724,0.7975763571163597
서초구,반포본동,반포본동,37.50629,126.98647,False,46,24,24,23,2,0,31,13,30,16,49.973255,43.626358,85.40399856567382,0.25,27.814096,19.447334,64.66969833374021,22.159159027777775,19.218691666666665,36.02288166666666,15.94816,17.205183,5.0657825,22,0.4782608695652174,0.0,0.2391304347826087,0.2391304347826087,0.0,0.0,0.5,0.5,0.0,10,1,,,,False,,54.4675,42.65985,0.9174876,1.1714352,0.32849417465442504,0.21003880598714905,0.7610485034110553,1.1902562425311822,0.131736349193212,0.09424420759839434,1.8152198405915017,2.537348881977154,3.932702316219645,3.737929726691645,,,17.058823529411764,37.61395348837209,0.5862068965517242,0.26585878570545324
서초구,방배1동,방배1동,37.484913,126.9963,True,1836,1453,1453,1448,144,206,765,721,1499,337,61.704712,51.7654,110.19251403808593,0.41775636613902273,37.50629,27.382116,83.81905975341796,24.198423147510898,23.313733333333335,37.16997666666667,26.238384,18.701818,8.329651,383,0.20860566448801743,0.034858387799564274,0.10294117647058823,0.07080610021786492,0.0,0.1671018276762402,0.4934725848563969,0.3394255874673629,0.0,30,3,483.0,canon,483.0,False,3.801242236024845,54.4675,42.65985,1.1328721,1.4464352,0.32849417465442504,0.21003880598714905,1.2717314289621764,1.9889484906164558,0.131736349193212,0.09424420759839434,0.7814181666717427,1.092281203204069,3.932702316219645,3.737929726691645,0.9665725830168688,1.0169378543639012,17.058823529411764,37.61395348837209,1.7586206896551724,0.7975763571163597
서초구,방배2동,방배2동,37.473015,126.98849,True,1342,981,981,973,24,131,890,297,997,345,55.213146,42.892284,102.7911148071289,0.3343527013251784,32.204296,18.696617,75.86578369140625,23.00885062861026,21.807716666666668,36.07888333333334,30.98641,21.532202,11.662825,361,0.2690014903129657,0.05290611028315946,0.1795827123695976,0.03651266766020864,0.0,0.19667590027700832,0.667590027700831,0.13573407202216067,0.0,10,1,578.0,canon,578.0,False,2.3217993079584773,54.4675,42.65985,1.0136898,1.2942649,0.32849417465442504,0.21003880598714905,1.0178344918198825,1.5918615598378298,0.131736349193212,0.09424420759839434,1.3631978832676728,1.9055039768052249,3.932702316219645,3.737929726691645,0.5903826736091059,0.6211457886377785,17.058823529411764,37.61395348837209,0.5862068965517242,0.26585878570545324
서초구,방배3동,방배3동,37.47432,126.9979,True,1152,907,907,905,7,340,732,73,1026,126,47.308517,38.439617,87.56434326171875,0.24366041896361632,26.431469,16.398617,65.3117950439453,20.8770493384785,19.8064,32.06579,24.891329,19.283127,8.501471,245,0.2126736111111111,0.026041666666666668,0.125,0.06163194444444445,0.0,0.12244897959183673,0.5877551020408164,0.2897959183673469,0.0,20,2,336.0,canon,336.0,False,3.4285714285714284,54.4675,42.65985,0.8685642,1.1089705,0.32849417465442504,0.21003880598714905,0.7417495887710837,1.1600733389168303,0.131736349193212,0.09424420759839434,0.9488649166728305,1.3263414610335122,3.932702316219645,3.737929726691645,0.8718105650740384,0.9172380647203814,17.058823529411764,37.61395348837209,1.1724137931034484,0.5317175714109065
서초구,방배4동,방배4동,37.48982,126.99099,True,1203,996,996,992,6,471,649,77,1023,180,57.90649,50.96244,102.97314453125,0.4146586345381526,35.32882,27.364475,76.0405502319336,22.577667235609102,21.76175,32.92183333333333,26.439758,18.675077,8.720272,207,0.17206982543640897,0.03906899418121363,0.09226932668329177,0.040731504571903575,0.0,0.22705314009661837,0.5362318840579711,0.23671497584541062,0.0,30,3,587.0,canon,587.0,False,2.049403747870528,54.4675,42.65985,1.0631384,1.3574002,0.32849417465442504,0.21003880598714905,1.262301332966931,1.9742001131139688,0.131736349193212,0.09424420759839434,0.7004090157983985,0.9790450684935652,3.932702316219645,3.737929726691645,0.5211184531862917,0.548272412195509,17.058823529411764,37.61395348837209,1.7586206896551724,0.7975763571163597
서초구,방배본동,방배본동,37.49495,126.98776,True,663,480,480,475,50,147,352,114,510,153,45.098522,35.800117,88.70161895751956,0.2,24.382671,13.811117,63.2926078796387,20.715850208333332,20.312333333333335,29.726611666666667,21.513865,19.640839,7.2761283,183,0.27601809954751133,0.027149321266968326,0.17496229260935142,0.07390648567119155,0.0,0.09836065573770492,0.6338797814207651,0.2677595628415301,0.0,30,3,460.0,canon,460.0,False,1.441304347826087,54.4675,42.65985,0.8279896,1.0571655,0.32849417465442504,0.21003880598714905,0.6088388027288443,0.9522049940249457,0.131736349193212,0.09424420759839434,1.3281246495812769,1.8564779424420805,3.932702316219645,3.737929726691645,0.36649210439389607,0.38558893644631254,17.058823529411764,37.61395348837209,1.7586206896551724,0.7975763571163597
서초구,서초1동,서초1동,37.486954,127.02014,True,4486,3646,3646,3629,4,214,4002,266,4142,344,58.49472,44.425606,116.46935653686523,0.3631376851343939,37.347057,23.902525,89.81113052368164,21.147660120680197,19.714966666666665,33.419333333333334,28.265778,17.353975,8.433343,839,0.18702630405706644,0.0231832367365136,0.1214890771288453,0.04235399019170753,0.0,0.12395709177592372,0.6495828367103695,0.22646007151370678,0.0,20,2,471.0,canon,471.0,False,9.524416135881104,54.4675,42.65985,1.073938,1.371189,0.32849417465442504,0.21003880598714905,1.1054615672147419,1.7289075865181407,0.131736349193212,0.09424420759839434,0.9222137843721668,1.289088000469486,3.932702316219645,3.737929726691645,2.421850262248315,2.548045798686254,17.058823529411764,37.61395348837209,1.1724137931034484,0.5317175714109065
서초구,서초2동,서초2동,37.488815,127.02791,True,2046,1389,1389,1374,29,414,992,611,1862,184,63.28667,56.090885,111.79774932861329,0.4636429085673146,39.738483,30.93205,84.03685913085937,23.548185553155747,22.06495,37.09771666666667,25.392479,18.179964,8.160091,657,0.32111436950146627,0.025904203323558164,0.2341153470185728,0.06109481915933529,0.0,0.0806697108066971,0.7290715372907154,0.1902587519025875,0.0,10,1,403.0,canon,403.0,False,5.076923076923077,54.4675,42.65985,1.1619163,1.4835184,0.32849417465442504,0.21003880598714905,1.411418966729214,2.2074154649102415,0.131736349193212,0.09424420759839434,1.777150713924871,2.484135131319853,3.932702316219645,3.737929726691645,1.2909502598211722,1.358217903528257,17.058823529411764,37.61395348837209,0.5862068965517242,0.26585878570545324
서초구,서초3동,서초3동,37.48543,127.00959,True,3022,2136,2136,2114,49,491,1763,719,2127,895,59.368435,47.58303,116.15971755981445,0.38436329588014984,35.881275,23.7418,86.4754409790039,23.487156304619226,21.709141666666667,37.71933333333334,34.32799,20.780033,12.404656,886,0.2931833223031105,0.0641958967571145,0.16611515552614162,0.0628722700198544,0.0,0.21896162528216703,0.5665914221218962,0.2144469525959368,0.0,20,2,712.0,canon,712.0,False,4.24438202247191,54.4675,42.65985,1.089979,1.39167,0.32849417465442504,0.21003880598714905,1.1700764443829148,1.8299632492848326,0.131736349193212,0.09424420759839434,1.260966745651253,1.7626033446428144,3.932702316219645,3.737929726691645,1.0792533177420536,1.1354900527326164,17.058823529411764,37.61395348837209,1.1724137931034484,0.5317175714109065
서초구,서초4동,서초4동,37.498985,127.019966,True,1461,1127,1127,1119,35,404,797,225,1223,238,54.685127,44.58172,99.1132354736328,0.3220940550133097,30.672718,19.8225,71.45119018554686,24.012409065365276,22.655166666666666,35.81680333333333,30.782621,17.608974,9.673041,334,0.22861054072553044,0.030116358658453114,0.13894592744695414,0.059548254620123205,0.0,0.1317365269461078,0.6077844311377245,0.26047904191616766,0.0,10,1,493.0,canon,493.0,False,2.9634888438133875,54.4675,42.65985,1.0039955,1.2818874,0.32849417465442504,0.21003880598714905,0.9805167941019098,1.5334978386470954,0.131736349193212,0.09424420759839434,1.0547273269518662,1.4743179553171963,3.932702316219645,3.737929726691645,0.7535502576920378,0.7928155584766178,17.058823529411764,37.61395348837209,0.5862068965517242,0.26585878570545324
서초구,양재1동,양재1동,37.46956,127.02253,True,4847,4048,4048,4016,84,1497,2950,316,3719,1128,48.94521,41.128075,90.35426788330078,0.27322134387351776,28.121199,19.485666,66.21914901733399,20.824009132081684,19.86805833333333,31.682851666666675,31.63126,19.020708,10.456185,797,0.1644316071796988,0.028264906127501547,0.07984320198060656,0.05632349907159068,0.0,0.17189460476787954,0.48557089084065247,0.342534504391468,0.0,20,2,1829.0,canon,1829.0,False,2.650082012028431,54.4675,42.65985,0.89861315,1.1473366,0.32849417465442504,0.21003880598714905,0.8317387794195921,1.3008136405528532,0.131736349193212,0.09424420759839434,0.6060833055537617,0.8471947933484122,3.932702316219645,3.737929726691645,0.6738577697830566,0.7089705280184486,17.058823529411764,37.61395348837209,1.1724137931034484,0.5317175714109065
서초구,양재2동,양재2동,37.45115,127.045906,True,2358,1866,1866,1848,32,407,1614,305,1735,623,53.145397,43.96514,97.47955322265625,0.3285101822079314,31.923397,21.399834,72.7567253112793,21.22199953554841,19.812191666666664,32.913466666666665,30.015574,20.176937,10.960744,490,0.20780322307039864,0.02586938083121289,0.13231552162849872,0.04961832061068702,0.0,0.12448979591836734,0.636734693877551,0.23877551020408164,0.0,0,0,637.0,canon,637.0,False,3.7017268445839875,54.4675,42.65985,0.9757268,1.2457943,0.32849417465442504,0.21003880598714905,1.000048730098557,1.5640451804321858,0.131736349193212,0.09424420759839434,1.00439645123638,1.4039644981932342,3.932702316219645,3.737929726691645,0.9412680002035635,0.9903147237228294,17.058823529411764,37.61395348837209,0.0,0.0
서초구,잠원동,잠원동,37.51764,127.01304,True,956,795,795,790,29,266,603,58,592,364,51.10664,41.82638,91.83901367187502,0.2779874213836478,26.55313,15.853717,64.61741790771485,24.55350899371069,23.76676666666667,35.45185666666667,31.133001,20.500994,11.2575035,161,0.16841004184100417,0.036610878661087864,0.08472803347280335,0.04707112970711297,0.0,0.21739130434782608,0.5031055900621118,0.2795031055900621,0.0,0,0,601.0,canon,601.0,False,1.5906821963394342,54.4675,42.65985,0.9382961,1.1980033,0.32849417465442504,0.21003880598714905,0.8462476440444942,1.3235050545881322,0.131736349193212,0.09424420759839434,0.6431636673681946,0.8990264296545146,3.932702316219645,3.737929726691645,0.4044756171294693,0.4255516589787016,17.058823529411764,37.61395348837209,0.0,0.0
성동구,금호1가동,금호1가동,37.55367,127.025055,True,1489,1364,1364,1356,74,575,807,33,1231,258,39.880924,33.888084,68.90875320434571,0.15395894428152493,19.046572,10.259275,47.28694648742676,20.834351955034215,20.0258,29.826135000000004,23.34796,15.238152,6.359176,123,0.08260577568838147,0.017461383478844864,0.038280725319006045,0.026863666890530557,0.0,0.21138211382113822,0.4634146341463415,0.3252032520325203,0.0,26,2,599.0,canon,599.0,False,2.4858096828046743,43.64128,42.65985,0.91383487,0.9348585,0.21463807001254323,0.21003880598714905,0.7172956049806436,0.733002378098382,0.08574272293702251,0.09424420759839434,0.4464603409798753,0.40618650519226435,2.861239141262564,3.737929726691645,0.8687878083856262,0.6650231182930255,34.294117647058826,37.61395348837209,0.7581475128644939,0.6912328428341784
성동구,금호2.3가동,금호23가동,37.55143,127.01989,True,1439,1208,1208,1199,39,866,446,88,1167,272,49.209015,44.482975,84.81974945068359,0.2913907284768212,26.802322,19.956299,61.71141853332519,22.406691487306844,21.340175000000002,31.875149999999998,20.605206,16.146118,5.946603,231,0.16052814454482278,0.046560111188325225,0.07505211952744961,0.03891591382904795,0.0,0.29004329004329005,0.4675324675324675,0.24242424242424243,0.0,16,1,868.0,canon,868.0,False,1.6578341013824884,43.64128,42.65985,1.1275796,1.1535206,0.21463807001254323,0.21003880598714905,1.3575910762698928,1.3873185343409804,0.08574272293702251,0.09424420759839434,0.8753176591158054,0.7963579029415946,2.861239141262564,3.737929726691645,0.579411233921169,0.44351665831069514,34.294117647058826,37.61395348837209,0.46655231560891935,0.42537405712872517
성동구,금호4가동,금호4가동,37.544594,127.0246,True,749,621,621,616,4,324,330,91,508,241,52.096443,43.374733,99.11611938476562,0.3172302737520129,29.316223,18.786118,71.72283172607422,22.78021760601181,22.216666666666665,32.77478333333333,27.205084,21.961145,10.759153,128,0.17089452603471295,0.04005340453938585,0.09212283044058744,0.03871829105473965,0.0,0.234375,0.5390625,0.2265625,0.0,21,1,538.0,canon,538.0,False,1.3921933085501859,43.64128,42.65985,1.1937423,1.2212055,0.21463807001254323,0.21003880598714905,1.477977666000604,1.5103412546128367,0.08574272293702251,0.09424420759839434,1.074409900747508,0.9774906361688902,2.861239141262564,3.737929726691645,0.48657006276513465,0.3724503696816109,34.294117647058826,37.61395348837209,0.6123499142367066,0.5583034499814518
성동구,마장동,마장동,37.56764,127.04049,True,5820,4753,4753,4729,12,978,4318,512,5348,472,43.253536,34.722,83.8557830810547,0.23858615611192932,24.463598,13.4264,62.935166931152345,18.78993726067747,17.864766666666664,29.16505666666667,27.47244,18.735554,9.196741,1066,0.1831615120274914,0.02216494845360825,0.11512027491408934,0.04587628865979381,0.0,0.12101313320825516,0.6285178236397748,0.25046904315197,0.0,20,2,993.0,canon,993.0,False,5.861027190332326,43.64128,42.65985,0.99111515,1.0139167,0.21463807001254323,0.21003880598714905,1.1115742705755163,1.1359146467749721,0.08574272293702251,0.09424420759839434,1.342624434713188,1.2215103489930628,2.861239141262564,3.737929726691645,2.048422694142951,1.5679875275557376,34.294117647058826,37.61395348837209,0.5831903945111492,0.5317175714109065
성동구,사근동,사근동,37.558014,127.04543,True,3903,3350,3350,3312,42,376,3257,228,3459,444,44.515,35.878784,87.53389968872071,0.22567164179104476,23.762445,12.881142,60.71407356262207,20.752551552238806,19.860799999999998,31.96623833333333,34.60077,18.87455,11.821469,552,0.1414296694850115,0.03689469638739431,0.05918524212144504,0.045349730976172176,0.0,0.2608695652173913,0.41847826086956524,0.32065217391304346,0.0,41,3,355.0,canon,355.0,False,10.994366197183098,43.64128,42.65985,1.0200205,1.043487,0.21463807001254323,0.21003880598714905,1.0514054742378962,1.0744283216162074,0.08574272293702251,0.09424420759839434,0.6902654836949397,0.6279987240558367,2.861239141262564,3.737929726691645,3.8425191514511683,2.9412982589466594,34.294117647058826,37.61395348837209,1.1955403087478558,1.0900210213923582
성동구,성수1가제1동,성수1가1동,37.54042,127.041046,True,1823,1587,1587,1573,10,168,1503,142,1557,266,46.139256,36.30655,89.1325378417969,0.23377441713925645,24.78162,13.39295,63.26136779785157,21.357635465238396,20.457783333333335,31.367693333333335,27.541578,20.373413,9.787487,235,0.12890839275918817,0.017004936917169502,0.07899067471201317,0.03291278113000549,0.0,0.13191489361702127,0.6127659574468085,0.2553191489361702,0.0,31,2,527.0,canon,527.0,False,3.4592030360531307,43.64128,42.65985,1.0572388,1.0815616,0.21463807001254323,0.21003880598714905,1.089156351087181,1.1130058373763543,0.08574272293702251,0.09424420759839434,0.9212522300001054,0.8381488552444357,2.861239141262564,3.737929726691645,1.208987737573975,0.9254328703270704,34.294117647058826,37.61395348837209,0.9039451114922812,0.8241622356869049
성동구,성수1가제2동,성수1가2동,37.549072,127.04395,True,734,540,540,536,4,160,407,163,543,191,43.990093,36.712334,75.43868484497072,0.23703703703703705,22.816458,12.48995,54.471261215209964,21.17363487654321,20.464883333333333,32.051883333333336,35.10158,21.841043,14.206594,194,0.26430517711171664,0.0340599455040872,0.1907356948228883,0.039509536784741145,0.0,0.12886597938144329,0.7216494845360825,0.14948453608247422,0.0,31,2,471.0,canon,471.0,False,1.5583864118895967,43.64128,42.65985,1.0079927,1.0311825,0.21463807001254323,0.21003880598714905,1.1043569159151723,1.1285392521777136,0.08574272293702251,0.09424420759839434,2.2245117520116833,2.0238452811410546,2.861239141262564,3.737929726691645,0.5446543734900592,0.4169116398207112,34.294117647058826,37.61395348837209,0.9039451114922812,0.8241622356869049
성동구,성수2가제1동,성수2가1동,37.536655,127.05528,True,618,481,481,478,3,234,316,65,539,79,54.564575,45.259716,103.46188354492188,0.35550935550935553,31.051329,20.733267,72.69116973876953,23.513243139293138,23.351166666666664,34.67878333333333,26.053284,19.430758,9.199479,136,0.22006472491909385,0.025889967637540454,0.13915857605177995,0.05501618122977346,0.0,0.11764705882352941,0.6323529411764706,0.25,0.0,31,2,643.0,canon,643.0,False,0.9611197511664075,43.64128,42.65985,1.2502973,1.2790616,0.21463807001254323,0.21003880598714905,1.6563201275923694,1.692588918692991,0.08574272293702251,0.09424420759839434,1.6229782690012196,1.4765743126068878,2.861239141262564,3.737929726691645,0.33591031847212155,0.25712622265295293,34.294117647058826,37.61395348837209,0.9039451114922812,0.8241622356869049
성동구,성수2가제3동,성수2가3동,37.545544,127.05814,True,1705,1330,1330,1315,52,65,1072,516,1543,162,57.195824,49.18775,104.35973663330083,0.3744360902255639,32.66255,22.194393,76.41988067626954,24.533272957393486,23.55975,36.51784000000001,40.720383,19.260303,12.697895,374,0.21935483870967742,0.029912023460410556,0.09618768328445748,0.09325513196480939,0.0,0.13636363636363635,0.4385026737967914,0.42513368983957217,0.0,41,3,368.0,canon,368.0,False,4.633152173913044,43.64128,42.65985,1.3105899,1.3407413,0.21463807001254323,0.21003880598714905,1.744499893256039,1.7826995752797856,0.08574272293702251,0.09424420759839434,1.1218174556353515,1.0206216990474888,2.861239141262564,3.737929726691645,1.6192816976034365,1.23949686395355,34.294117647058826,37.61395348837209,1.1955403087478558,1.0900210213923582
성동구,송정동,송정동,37.552334,127.0657,True,555,476,476,473,4,88,449,14,490,65,35.019737,26.831085,70.44341659545898,0.13445378151260504,17.052267,9.401858,50.38915824890137,17.967468487394957,17.036558333333332,26.264666666666667,23.77814,18.359615,7.687977,79,0.14234234234234233,0.06126126126126126,0.05045045045045045,0.03063063063063063,0.0,0.43037974683544306,0.35443037974683544,0.21518987341772153,0.0,41,3,460.0,canon,460.0,False,1.2065217391304348,43.64128,42.65985,0.80244523,0.8209062,0.21463807001254323,0.21003880598714905,0.6264209396997825,0.6401378111092072,0.08574272293702251,0.09424420759839434,0.5883933787302975,0.5353161932819942,2.861239141262564,3.737929726691645,0.4216780491119799,0.3227780689708951,34.294117647058826,37.61395348837209,1.1955403087478558,1.0900210213923582
성동구,옥수동,옥수동,37.541965,127.016174,True,601,498,498,496,5,156,404,36,496,105,40.776806,33.267082,74.56674041748047,0.15261044176706828,18.915,9.571234,50.57001533508302,21.861804149933064,20.99021666666667,32.36839666666667,27.501604,18.887394,9.811517,103,0.1713810316139767,0.033277870216306155,0.09816971713810316,0.03993344425956739,0.0,0.1941747572815534,0.5728155339805825,0.23300970873786409,0.0,16,1,690.0,canon,690.0,False,0.8710144927536232,43.64128,42.65985,0.9343632,0.95585907,0.21463807001254323,0.21003880598714905,0.711012924026711,0.726582123954778,0.08574272293702251,0.09424420759839434,1.1449335147684567,1.041652528465587,2.861239141262564,3.737929726691645,0.3044186276472071,0.23302056390571524,34.294117647058826,37.61395348837209,0.46655231560891935,0.42537405712872517
성동구,왕십리제2동,왕십리2동,37.561497,127.02769,True,695,595,595,594,28,217,417,33,592,103,36.89385,32.292618,62.067286682128916,0.11260504201680673,17.003677,9.86455,43.19453659057617,19.89017173669468,18.612716666666664,29.598096666666667,27.893019,18.594343,9.495794,100,0.14388489208633093,0.041726618705035974,0.060431654676258995,0.041726618705035974,0.0,0.29,0.42,0.29,0.0,36,3,602.0,canon,602.0,False,1.154485049833887,43.64128,42.65985,0.84538877,0.8648377,0.21463807001254323,0.21003880598714905,0.5246275369985679,0.536115416803961,0.08574272293702251,0.09424420759839434,0.7048021407093132,0.6412240732478564,2.861239141262564,3.737929726691645,0.40349128221573727,0.3088568095836555,34.294117647058826,37.61395348837209,1.0497427101200685,0.9570916285396316
성동구,왕십리도선동,왕십리도선동,37.56679,127.02957,True,4421,3902,3902,3871,117,1075,2942,287,3930,491,37.499607,30.5797,70.2104949951172,0.14223475140953357,19.362417,10.092809,50.37260093688966,18.137193012130535,17.41225,28.46547833333334,31.664515,19.385853,10.757198,518,0.11716806152454196,0.02601221443112418,0.060393576114001354,0.03076227097941642,0.0,0.222007722007722,0.5154440154440154,0.2625482625482625,0.0,36,3,952.0,canon,952.0,False,4.64390756302521,43.64128,42.65985,0.85926914,0.87903744,0.21463807001254323,0.21003880598714905,0.662672523104692,0.6771832030802728,0.08574272293702251,0.09424420759839434,0.7043580381551453,0.6408200318406655,2.861239141262564,3.737929726691645,1.623040694520912,1.2423742292061293,34.294117647058826,37.61395348837209,1.0497427101200685,0.9570916285396316
성동구,용답동,용답동,37.55854,127.057846,True,365,311,311,309,19,43,259,44,270,95,35.115486,27.189716,66.02561950683594,0.13504823151125403,17.961702,9.364,47.958282470703125,17.15378290460879,16.274066666666666,26.6115,26.324877,20.29217,9.642935,54,0.14794520547945206,0.038356164383561646,0.0684931506849315,0.0410958904109589,0.0,0.25925925925925924,0.46296296296296297,0.2777777777777778,0.0,41,3,612.0,canon,612.0,False,0.5964052287581699,43.64128,42.65985,0.8046392,0.8231507,0.21463807001254323,0.21003880598714905,0.6291904856550469,0.6429680023962656,0.08574272293702251,0.09424420759839434,0.7988217348221993,0.7267624444019245,2.861239141262564,3.737929726691645,0.2084429854734188,0.15955496019611753,34.294117647058826,37.61395348837209,1.1955403087478558,1.0900210213923582
성동구,응봉동,응봉동,37.550987,127.03398,True,413,349,349,349,0,116,286,11,324,89,39.78068,34.000717,69.27775726318357,0.16045845272206305,19.337215,11.1477165,51.710886383056625,20.443467287488062,19.8569,29.73956666666666,27.638277,18.89021,9.377138,64,0.1549636803874092,0.06053268765133172,0.06779661016949153,0.026634382566585957,0.0,0.390625,0.4375,0.171875,0.0,41,3,493.0,canon,493.0,False,0.8377281947261663,43.64128,42.65985,0.9115379,0.9325087,0.21463807001254323,0.21003880598714905,0.747576852105901,0.7639467000773205,0.08574272293702251,0.09424420759839434,0.7906981239596007,0.719371639882583,2.861239141262564,3.737929726691645,0.29278510231637134,0.22411555486026222,34.294117647058826,37.61395348837209,1.1955403087478558,1.0900210213923582
성동구,행당제1동,행당1동,37.55902,127.03606,True,2694,2187,2187,2178,39,424,1620,611,2123,571,45.872173,37.333218,89.14672088623047,0.24645633287608595,24.547462,13.517616,63.69030151367189,21.324713130620335,20.311,32.6905,28.440815,20.125473,10.214335,507,0.18819599109131402,0.025612472160356347,0.1161841128433556,0.046399406087602076,0.0,0.13609467455621302,0.6173570019723866,0.2465483234714004,0.0,57,4,559.0,canon,559.0,False,4.819320214669052,43.64128,42.65985,1.0511189,1.0753008,0.21463807001254323,0.21003880598714905,1.1482414692868013,1.1733847548684173,0.08574272293702251,0.09424420759839434,1.3550317608724896,1.2327984478203098,2.861239141262564,3.737929726691645,1.6843472274542055,1.2893019845331657,34.294117647058826,37.61395348837209,1.662092624356775,1.5153950785210832
성동구,행당제2동,행당2동,37.556675,127.0295,True,1317,1201,1201,1190,33,623,606,55,1060,257,40.09877,35.566666,66.20466613769531,0.13738551207327226,18.376385,11.2209,42.24528503417969,21.722387454898694,21.163566666666668,31.368499999999997,22.555635,15.97393,6.657032,116,0.08807896735003796,0.012148823082763858,0.05087319665907365,0.025056947608200455,0.0,0.13793103448275862,0.5775862068965517,0.28448275862068967,0.0,57,4,873.0,canon,873.0,False,1.5085910652920962,43.64128,42.65985,0.9188266,0.93996507,0.21463807001254323,0.21003880598714905,0.6400798892071831,0.6540958535142216,0.08574272293702251,0.09424420759839434,0.5933237820828211,0.5398018398739276,2.861239141262564,3.737929726691645,0.527250953454526,0.4035900018450361,34.294117647058826,37.61395348837209,1.662092624356775,1.5153950785210832
성북구,길음제1동,길음1동,37.608112,127.01974,True,4803,4071,4071,4049,8,767,3637,391,4366,437,43.508144,37.146168,78.05049896240234,0.20117907148120856,21.957098,13.390833,54.11716842651367,21.551045398346023,20.7185,32.45473333333334,26.258146,15.842443,7.1465106,731,0.15219654382677494,0.029981261711430358,0.07807620237351655,0.04413907974182803,0.0,0.19699042407660738,0.5129958960328317,0.29001367989056087,0.0,31,2,1024.0,canon,1024.0,False,4.6904296875,41.148018,42.65985,1.057357,1.0198851,0.1962078375584449,0.21003880598714905,1.0253365715897198,0.9578185827885416,0.08329166757728887,0.09424420759839434,0.9373831097938731,0.828445634624305,2.5785564402935206,3.737929726691645,1.8190137761599983,1.2548201893702777,39.45,37.61395348837209,0.7858048162230671,0.8241622356869049
성북구,길음제2동,길음2동,37.60797,127.02723,True,2406,2175,2175,2165,16,574,1588,228,1692,714,39.587692,32.801666,74.29750061035158,0.1618390804597701,18.317257,9.469,51.299967956542986,21.27043543295019,20.16283333333333,32.70114000000001,22.68893,16.508106,6.816638,230,0.09559434746467166,0.0199501246882793,0.04488778054862843,0.030756442227763924,0.0,0.20869565217391303,0.46956521739130436,0.3217391304347826,0.0,31,2,726.0,canon,726.0,False,3.3140495867768593,41.148018,42.65985,0.9620802,0.9279848,0.1962078375584449,0.21003880598714905,0.824834942750759,0.7705199032109905,0.08329166757728887,0.09424420759839434,0.5389228221055329,0.47629219548335605,2.5785564402935206,3.737929726691645,1.2852344571521641,0.886600291897421,39.45,37.61395348837209,0.7858048162230671,0.8241622356869049
성북구,돈암제1동,돈암1동,37.599327,127.02404,True,1365,1192,1192,1188,88,584,583,110,1169,196,40.117104,33.025784,74.54688034057618,0.19714765100671142,21.225824,10.947175,54.92559471130373,18.891278145973153,17.914,28.80367666666667,20.980982,16.434511,6.1632323,173,0.12673992673992673,0.02271062271062271,0.06813186813186813,0.035897435897435895,0.0,0.1791907514450867,0.5375722543352601,0.2832369942196532,0.0,41,3,560.0,canon,560.0,False,2.4375,41.148018,42.65985,0.9749462,0.9403948,0.1962078375584449,0.21003880598714905,1.004789887396759,0.9386248892443887,0.08329166757728887,0.09424420759839434,0.8179914043460169,0.7229289721677166,2.5785564402935206,3.737929726691645,0.9452963533823351,0.6520989366371461,39.45,37.61395348837209,1.0392902408111533,1.0900210213923582
성북구,돈암제2동,돈암2동,37.597275,127.01163,True,570,442,442,441,0,186,361,23,485,85,35.83595,30.023558,64.08619270324718,0.1085972850678733,15.176782,8.919891,39.083610153198244,20.659168929110102,19.590116666666667,31.34712666666667,28.283365,18.236467,9.178388,128,0.2245614035087719,0.06140350877192982,0.11403508771929824,0.04912280701754386,0.0,0.2734375,0.5078125,0.21875,0.0,57,2,659.0,canon,659.0,False,0.8649468892261002,41.148018,42.65985,0.87090343,0.84003925,0.1962078375584449,0.21003880598714905,0.5534808722180895,0.5170343858958981,0.08329166757728887,0.09424420759839434,1.3691055904659564,1.20999571883759,2.5785564402935206,3.737929726691645,0.33543841651480083,0.23139731147156817,39.45,37.61395348837209,1.4448669201520912,1.5153950785210832
성북구,동선동,동선동,37.593735,127.018425,True,2262,1817,1817,1810,41,164,1591,466,1860,402,39.852848,32.636383,75.54087371826174,0.18547055586130984,20.147928,10.641216,51.90559387207032,19.704918060906255,18.585383333333333,31.717466666666667,21.907269,15.349883,6.076747,444,0.1962864721485411,0.02961980548187445,0.11361626878868258,0.05305039787798409,0.0,0.15090090090090091,0.5788288288288288,0.2702702702702703,0.0,67,3,492.0,canon,492.0,False,4.597560975609756,41.148018,42.65985,0.9685241,0.93420035,0.1962078375584449,0.21003880598714905,0.945275979641044,0.8830299476786095,0.08329166757728887,0.09424420759839434,1.364077249182874,1.20555174353886,2.5785564402935206,3.737929726691645,1.782997999875624,1.2299752300798203,39.45,37.61395348837209,1.6983523447401774,1.7812538642265365
성북구,보문동,보문동,37.582603,127.01922,True,2452,2192,2192,2177,15,862,1318,257,1891,561,38.391468,32.556225,67.53768920898439,0.145985401459854,18.203821,10.091084,45.607315444946295,20.187646015815087,19.108716666666666,29.80678333333334,26.599644,15.391643,7.2228026,259,0.10562805872756934,0.015497553017944535,0.0566884176182708,0.033442088091353996,0.0,0.14671814671814673,0.5366795366795367,0.3166023166023166,0.0,83,4,608.0,canon,608.0,False,4.032894736842105,41.148018,42.65985,0.9330089,0.89994377,0.1962078375584449,0.21003880598714905,0.744034505840619,0.6950401416240479,0.08329166757728887,0.09424420759839434,0.6806013046343189,0.6015055891799616,2.5785564402935206,3.737929726691645,1.564012590076576,1.0789113310622689,39.45,37.61395348837209,2.1039290240811153,2.2066279213552615
성북구,삼선동,삼선동,37.58662,127.011795,True,2665,2263,2263,2244,55,773,1593,244,2389,276,44.577625,39.200165,75.8661651611328,0.21961997348652232,24.259727,17.324934,53.54828491210937,20.31789914567683,19.307716666666668,30.901139999999998,28.12985,15.339879,7.635025,400,0.150093808630394,0.022138836772983114,0.0825515947467167,0.045403377110694185,0.0,0.1475,0.55,0.3025,0.0,83,4,775.0,canon,775.0,False,3.4387096774193546,41.148018,42.65985,1.083348,1.044955,0.1962078375584449,0.21003880598714905,1.1193231433535553,1.0456161777074637,0.08329166757728887,0.09424420759839434,0.9911146834719639,0.8759328222960532,2.5785564402935206,3.737929726691645,1.3335793716533588,0.9199503278149846,39.45,37.61395348837209,2.1039290240811153,2.2066279213552615
성북구,석관동,석관동,37.60826,127.06133,True,2574,2010,2010,1981,78,810,1380,306,2030,544,43.346985,34.258194,82.92454376220704,0.2462686567164179,22.429028,11.276392,59.39446716308594,20.91795751243781,20.159691666666667,31.132083333333338,29.677088,17.514036,9.648995,564,0.21911421911421913,0.04079254079254079,0.10217560217560218,0.07614607614607614,0.0,0.18617021276595744,0.46631205673758863,0.3475177304964539,0.0,49,3,1695.0,canon,1695.0,False,1.5185840707964602,41.148018,42.65985,1.0534405,1.0161073,0.1962078375584449,0.21003880598714905,1.2551417913826264,1.1724912239859406,0.08329166757728887,0.09424420759839434,1.2267205729887727,1.084157899772537,2.5785564402935206,3.737929726691645,0.5889279936116495,0.4062634083119919,39.45,37.61395348837209,1.2420785804816221,1.3027080499567207
성북구,성북동,성북동,37.595867,126.99615,True,1866,1487,1487,1481,18,782,987,79,1532,334,45.39661,38.4375,83.05338134765626,0.24478816408876933,24.64004,15.528383,59.75003433227542,20.756569087648508,19.658450000000002,32.217933333333335,28.379084,15.780157,7.664032,377,0.2020364415862808,0.03429796355841372,0.1120042872454448,0.055734190782422297,0.0,0.16976127320954906,0.5543766578249337,0.27586206896551724,0.0,67,3,513.0,canon,513.0,False,3.6374269005847952,41.148018,42.65985,1.1032515,1.0641531,0.1962078375584449,0.21003880598714905,1.2475962588184262,1.1654425616176203,0.08329166757728887,0.09424420759839434,1.3447237941479875,1.1884474398971236,2.5785564402935206,3.737929726691645,1.410644670694407,0.9731127031658238,39.45,37.61395348837209,1.6983523447401774,1.7812538642265365
성북구,안암동,안암동,37.587254,127.027306,True,3226,2859,2859,2839,33,527,2318,348,2915,311,38.96022,31.770384,73.15386962890626,0.1601958726827562,19.119804,9.931334,51.698217010498055,19.840415180132915,18.71078333333333,30.619,27.99667,16.299557,8.34199,366,0.1134531928084315,0.03130812151270924,0.05052696838189709,0.03161810291382517,0.0,0.27595628415300544,0.4453551912568306,0.2786885245901639,0.0,21,2,529.0,canon,529.0,False,6.098298676748582,41.148018,42.65985,0.94683105,0.9132761,0.1962078375584449,0.21003880598714905,0.8164601102391655,0.7626965499535242,0.08329166757728887,0.09424420759839434,0.6066269274175785,0.5361281045219157,2.5785564402935206,3.737929726691645,2.36500492347354,1.6314642389347553,39.45,37.61395348837209,0.532319391634981,0.5583034499814518
성북구,월곡제1동,월곡1동,37.60788,127.036446,True,2364,1967,1967,1949,12,898,1274,180,1992,372,45.317413,37.101265,86.3403335571289,0.25826131164209454,23.98939,12.615833,63.78557891845705,21.328022809693273,20.607333333333333,31.507420000000007,19.282116,16.962736,5.9092155,396,0.16751269035532995,0.03722504230118443,0.0922165820642978,0.03807106598984772,0.0,0.2222222222222222,0.5505050505050505,0.22727272727272727,0.0,31,2,1086.0,canon,1086.0,False,2.1767955801104972,41.148018,42.65985,1.1013267,1.0622965,0.1962078375584449,0.21003880598714905,1.3162639925898252,1.2295885535451765,0.08329166757728887,0.09424420759839434,1.107152548947675,0.9784854094934202,2.5785564402935206,3.737929726691645,0.8441915585383539,0.5823532648477928,39.45,37.61395348837209,0.7858048162230671,0.8241622356869049
성북구,월곡제2동,월곡2동,37.6033,127.04519,True,2313,2020,2020,2011,12,358,1747,196,2084,229,39.49375,31.235893,78.00313415527344,0.1787128712871287,18.572773,9.313775,54.49973907470706,20.920977285478546,19.663358333333335,32.01491166666666,20.895683,16.338995,6.129822,293,0.12667531344574146,0.028102031993082578,0.06874189364461739,0.029831387808041506,0.0,0.22184300341296928,0.5426621160409556,0.2354948805460751,0.0,31,2,857.0,canon,857.0,False,2.6989498249708284,41.148018,42.65985,0.9597972,0.9257827,0.1962078375584449,0.21003880598714905,0.9108345186970173,0.8508564426807064,0.08329166757728887,0.09424420759839434,0.8253153724030041,0.7294017892064971,2.5785564402935206,3.737929726691645,1.0466902266694629,0.722044024984816,39.45,37.61395348837209,0.7858048162230671,0.8241622356869049
성북구,장위제1동,장위1동,37.614944,127.044266,True,1793,1612,1612,1596,30,855,839,69,1508,285,44.095966,36.59053,83.84286346435547,0.2667493796526055,24.695454,13.953941,62.263822555542006,19.400511114557485,19.317441666666664,28.114411666666665,19.693117,16.382269,5.6746774,181,0.10094813162297825,0.023982152816508645,0.06023424428332404,0.016731734523145567,0.0,0.23756906077348067,0.5966850828729282,0.16574585635359115,0.0,31,2,1087.0,canon,1087.0,False,1.6494940202391903,41.148018,42.65985,1.0716425,1.0336643,0.1962078375584449,0.21003880598714905,1.3595245886808585,1.270000457291336,0.08329166757728887,0.09424420759839434,0.7231725097523213,0.6391294045359479,2.5785564402935206,3.737929726691645,0.6396966901571587,0.44128545501017735,39.45,37.61395348837209,0.7858048162230671,0.8241622356869049
성북구,장위제2동,장위2동,37.612225,127.05173,True,969,732,732,725,48,376,429,116,722,247,42.825485,34.700417,83.83379669189452,0.21994535519125682,22.138105,10.802942,62.67207450866699,20.68737802823315,20.237141666666666,30.719295,25.498844,18.191147,8.711817,237,0.24458204334365324,0.06914344685242518,0.1217750257997936,0.053663570691434466,0.0,0.28270042194092826,0.4978902953586498,0.21940928270042195,0.0,36,2,749.0,canon,749.0,False,1.2937249666221629,41.148018,42.65985,1.0407667,1.0038826,0.1962078375584449,0.21003880598714905,1.1209814955824136,1.0471653281285265,0.08329166757728887,0.09424420759839434,1.462031309275863,1.2921221250935353,2.5785564402935206,3.737929726691645,0.501724510042098,0.3461073538606112,39.45,37.61395348837209,0.9125475285171102,0.9570916285396316
성북구,장위제3동,장위3동,37.61818,127.0535,True,887,798,798,790,3,147,684,53,813,74,32.474945,26.466534,61.16016807556156,0.10526315789473684,14.85073,8.86855,40.232103347778335,17.62421453634085,16.828525,26.97898,24.051468,16.956905,7.4304547,89,0.10033821871476889,0.04171364148816235,0.05073280721533258,0.007891770011273957,0.0,0.4157303370786517,0.5056179775280899,0.07865168539325842,0.0,36,2,697.0,canon,697.0,False,1.272596843615495,41.148018,42.65985,0.7892226,0.7612531,0.1962078375584449,0.21003880598714905,0.53648803842192,0.501160523171024,0.08329166757728887,0.09424420759839434,0.6090982290426119,0.5383122051545258,2.5785564402935206,3.737929726691645,0.49353073050075785,0.34045499425208325,39.45,37.61395348837209,0.9125475285171102,0.9570916285396316
성북구,정릉제1동,정릉1동,37.60326,127.016655,True,1222,1096,1096,1092,2,448,722,50,1001,221,40.64226,33.002144,76.45671463012695,0.1906934306569343,20.701273,10.269617,55.84316825866699,19.940986253041363,19.361416666666667,29.095858333333332,26.43386,20.083998,9.653158,125,0.10229132569558101,0.027004909983633387,0.04746317512274959,0.027823240589198037,0.0,0.264,0.464,0.272,0.0,31,2,617.0,canon,617.0,False,1.980551053484603,41.148018,42.65985,0.98770887,0.9527052,0.1962078375584449,0.21003880598714905,0.9718950732543087,0.9078961849964127,0.08329166757728887,0.09424420759839434,0.5698430167544318,0.5036190163007772,2.5785564402935206,3.737929726691645,0.7680852055575538,0.5298524044852878,39.45,37.61395348837209,0.7858048162230671,0.8241622356869049
성북구,정릉제2동,정릉2동,37.603794,127.00812,True,840,672,672,670,5,281,499,55,632,208,41.766815,34.620167,81.81194915771484,0.21577380952380953,21.661663,11.774166,59.5287269592285,20.10514952876984,19.38618333333333,30.307511666666663,23.728113,16.32545,7.230309,168,0.2,0.04642857142857143,0.10714285714285714,0.04642857142857143,0.0,0.23214285714285715,0.5357142857142857,0.23214285714285715,0.0,11,1,944.0,canon,944.0,False,0.8898305084745762,41.148018,42.65985,1.0150384,0.97906613,0.1962078375584449,0.21003880598714905,1.0997206442354093,1.0273044950417942,0.08329166757728887,0.09424420759839434,1.2863574503828492,1.1368641094572962,2.5785564402935206,3.737929726691645,0.3450886296571758,0.2380543706106922,39.45,37.61395348837209,0.2788339670468948,0.2924446642759985
성북구,정릉제3동,정릉3동,37.612263,126.99377,True,1144,849,849,843,16,248,782,98,827,317,43.453396,36.991383,78.59203338623048,0.20848056537102475,22.156506,13.881833,54.11469116210939,21.296893089909698,20.925716666666666,31.78204,24.811863,16.938675,7.710371,294,0.256993006993007,0.03671328671328671,0.14073426573426573,0.07954545454545454,0.0,0.14285714285714285,0.5476190476190477,0.30952380952380953,0.0,11,1,618.0,canon,618.0,False,1.8511326860841424,41.148018,42.65985,1.0560265,1.0186017,0.1962078375584449,0.21003880598714905,1.0625496308674425,0.9925811775171697,0.08329166757728887,0.09424420759839434,1.689655998346703,1.4932935330517165,2.5785564402935206,3.737929726691645,0.717894965243974,0.4952293974029675,39.45,37.61395348837209,0.2788339670468948,0.2924446642759985
성북구,정릉제4동,정릉4동,37.623512,126.99518,True,1040,900,900,892,20,392,557,71,766,274,45.043404,36.950474,85.20505981445312,0.24555555555555555,23.69068,11.646142,62.51464500427246,21.35272214814815,20.578633333333332,30.926738333333336,25.993155,17.556412,8.382926,140,0.1346153846153846,0.04807692307692308,0.0625,0.02403846153846154,0.0,0.35714285714285715,0.4642857142857143,0.17857142857142858,0.0,0,0,1038.0,canon,1038.0,False,1.001926782273603,41.148018,42.65985,1.0946677,1.0558734,0.1962078375584449,0.21003880598714905,1.2515073740742457,1.16909613155285,0.08329166757728887,0.09424420759839434,0.7503751793899954,0.6631707305167561,2.5785564402935206,3.737929726691645,0.38856112149306005,0.26804323663954627,39.45,37.61395348837209,0.0,0.0
성북구,종암동,종암동,37.59725,127.03337,True,3297,2689,2689,2670,15,1121,1944,217,2586,711,38.27222,31.443333,73.27109069824222,0.16362960208255858,18.744757,9.397,52.47542419433597,19.527465464237014,18.614066666666666,29.32134333333333,21.586468,16.532955,6.4632506,607,0.1841067637245981,0.024264482863208977,0.0915984228086139,0.06824385805277525,0.0,0.13179571663920922,0.4975288303130148,0.37067545304777594,0.0,41,3,1551.0,canon,1551.0,False,2.125725338491296,41.148018,42.65985,0.93011093,0.8971485,0.1962078375584449,0.21003880598714905,0.8339605803657962,0.7790446213666348,0.08329166757728887,0.09424420759839434,1.099730927149669,0.9719262874907388,2.5785564402935206,3.737929726691645,0.8243858095459495,0.5686905570514099,39.45,37.61395348837209,1.0392902408111533,1.0900210213923582
송파구,가락1동,가락1동,37.49533,127.10824,True,964,801,801,796,79,181,516,188,674,290,40.391644,33.2055,75.96321868896484,0.15980024968789014,20.445976,12.512234,49.519718170166016,19.945665272575948,19.02328333333333,30.57055,25.807323,20.308939,9.369664,163,0.1690871369294606,0.029045643153526972,0.10580912863070539,0.03423236514522822,0.0,0.17177914110429449,0.6257668711656442,0.20245398773006135,0.0,43,3,575.0,canon,575.0,False,1.6765217391304348,42.39842,42.65985,0.95266867,0.9468304,0.20895385559471452,0.21003880598714905,0.76476334563473,0.7608129789962114,0.09852323138979376,0.09424420759839434,1.0739510584268799,1.122712274069861,2.8002526323546513,3.737929726691645,0.5987037454262462,0.4485161203429807,24.23076923076923,37.61395348837209,1.7746031746031747,1.1431927785334488
송파구,가락2동,가락2동,37.49586,127.130646,True,1620,1230,1230,1217,52,646,825,97,1294,326,46.329952,37.58464,86.7552085876465,0.275609756097561,26.226067,16.739008,64.43438568115238,20.103882411924122,19.414391666666667,29.780288333333335,30.00133,19.284538,10.694317,390,0.24074074074074076,0.016666666666666666,0.11790123456790123,0.10617283950617284,0.0,0.06923076923076923,0.4897435897435897,0.441025641025641,0.0,10,1,835.0,canon,835.0,False,1.9401197604790419,42.39842,42.65985,1.0927283,1.0860318,0.20895385559471452,0.21003880598714905,1.3189981841356009,1.312184930790474,0.09852323138979376,0.09424420759839434,1.1966846083381193,1.2510183657155598,2.8002526323546513,3.737929726691645,0.6928374026195099,0.5190359108747068,24.23076923076923,37.61395348837209,0.41269841269841273,0.26585878570545324
송파구,가락본동,가락본동,37.497215,127.12164,True,2898,2417,2417,2405,64,544,2042,248,2535,363,38.802418,30.740932,76.89732208251954,0.17335539925527513,20.770844,10.781,55.14118881225586,18.03157531374983,17.055283333333332,28.43586666666667,22.945446,17.36941,7.194363,480,0.16563146997929606,0.05521048999309869,0.07556935817805382,0.034851621808143544,0.0,0.3333333333333333,0.45625,0.21041666666666667,0.0,43,3,729.0,canon,729.0,False,3.9753086419753085,42.39842,42.65985,0.9151855,0.90957695,0.20895385559471452,0.21003880598714905,0.8296348433575406,0.8253493845603067,0.09852323138979376,0.09424420759839434,0.7670207027525716,0.8018461834819577,2.8002526323546513,3.737929726691645,1.4196249995603385,1.0635054515842282,24.23076923076923,37.61395348837209,1.7746031746031747,1.1431927785334488
송파구,거여1동,거여1동,37.494385,127.14168,True,1923,1690,1690,1684,10,499,1236,178,1633,290,41.206245,32.132084,82.2086524963379,0.1940828402366864,22.578096,11.657,60.76942329406748,18.628147564102562,18.2855,28.37523666666668,26.224102,18.241161,9.0269,233,0.12116484659386376,0.0218408736349454,0.07644305772230889,0.022880915236609463,0.0,0.18025751072961374,0.630901287553648,0.1888412017167382,0.0,10,1,631.0,canon,631.0,False,3.0475435816164818,42.39842,42.65985,0.9718817,0.9659257,0.20895385559471452,0.21003880598714905,0.9288311033280389,0.9240332486395924,0.09852323138979376,0.09424420759839434,0.775888657365209,0.8111167749222103,2.8002526323546513,3.737929726691645,1.0883102283003268,0.8153025349446021,24.23076923076923,37.61395348837209,0.41269841269841273,0.26585878570545324
송파구,거여2동,거여2동,37.492374,127.14717,True,1862,1530,1530,1519,10,471,1209,172,1386,476,42.103504,33.954834,81.96576614379885,0.20261437908496732,23.08897,12.964308,61.069175338745126,19.01453213507625,18.312133333333332,28.924843333333335,22.72073,17.93552,7.804645,331,0.177765843179377,0.04081632653061224,0.10580021482277122,0.031149301825993556,0.0,0.229607250755287,0.595166163141994,0.17522658610271905,0.0,10,1,1121.0,canon,1121.0,False,1.6610169491525424,42.39842,42.65985,0.9930442,0.98695856,0.20895385559471452,0.21003880598714905,0.9696608780359468,0.964652118129847,0.09852323138979376,0.09424420759839434,1.0738605842533429,1.1226176920455508,2.8002526323546513,3.737929726691645,0.5931668200078939,0.44436815847329214,24.23076923076923,37.61395348837209,0.41269841269841273,0.26585878570545324
송파구,마천1동,마천1동,37.494785,127.15572,True,769,598,598,594,13,244,460,52,632,137,45.71853,36.705917,89.11244354248049,0.25585284280936454,26.779781,14.442083,68.38720321655273,18.938746711259753,18.858058333333332,27.980433333333337,23.470173,18.66152,7.7634177,169,0.2197659297789337,0.04681404421326398,0.12873862158647595,0.044213263979193757,0.0,0.21301775147928995,0.5857988165680473,0.20118343195266272,0.0,0,0,1055.0,canon,1055.0,False,0.728909952606635,42.39842,42.65985,1.0783074,1.0716993,0.20895385559471452,0.21003880598714905,1.2244466228257351,1.2181217732927818,0.09852323138979376,0.09424420759839434,1.306682898748409,1.3660109715715758,2.8002526323546513,3.737929726691645,0.26030149715231793,0.195003653332931,24.23076923076923,37.61395348837209,0.0,0.0
송파구,마천2동,마천2동,37.500328,127.15146,True,1629,1344,1344,1329,16,501,876,236,1131,498,46.129524,37.32636,88.1684051513672,0.24776785714285715,25.635199,15.757667,64.35496520996095,20.494323921130952,20.244908333333335,30.45305,28.464191,19.897535,10.386132,285,0.17495395948434622,0.039287906691221605,0.09453652547575199,0.04112952731737262,0.0,0.22456140350877193,0.5403508771929825,0.23508771929824562,0.0,0,0,1207.0,canon,1207.0,False,1.3496271748135875,42.39842,42.65985,1.088001,1.0813334,0.20895385559471452,0.21003880598714905,1.1857539380533184,1.1796289546514396,0.09852323138979376,0.09424420759839434,0.9595353719340679,1.003101706564326,2.8002526323546513,3.737929726691645,0.48196621948310614,0.36106274689334816,24.23076923076923,37.61395348837209,0.0,0.0
송파구,문정1동,문정1동,37.488174,127.12686,True,948,711,711,708,10,430,367,141,828,120,42.97751,32.730835,88.17150115966797,0.24613220815752462,25.164906,12.648883,68.98316955566406,17.812601828410692,17.157500000000002,26.717499999999998,21.781647,17.310593,6.9116144,236,0.2489451476793249,0.15084388185654007,0.0580168776371308,0.04008438818565401,0.0,0.6059322033898306,0.2330508474576271,0.16101694915254236,0.0,33,2,606.0,canon,606.0,False,1.5643564356435644,42.39842,42.65985,1.0136583,1.0074463,0.20895385559471452,0.21003880598714905,1.1779261380796007,1.171841588989912,0.09852323138979376,0.09424420759839434,0.5888649490960657,0.6156015219986766,2.8002526323546513,3.737929726691645,0.5586483225008675,0.4185087869557516,24.23076923076923,37.61395348837209,1.361904761904762,0.8773339928279956
송파구,문정2동,문정2동,37.480694,127.11913,True,3795,3335,3335,3293,114,119,2544,1018,2946,849,36.313797,30.695333,61.47931594848632,0.10854572713643178,17.63207,10.501717,40.342912292480456,18.68172408795602,17.553833333333333,28.96705,27.231583,18.499262,9.294826,460,0.12121212121212122,0.020289855072463767,0.056389986824769436,0.04453227931488801,0.0,0.1673913043478261,0.4652173913043478,0.3673913043478261,0.0,33,2,498.0,canon,498.0,False,7.620481927710843,42.39842,42.65985,0.8564894,0.8512406,0.20895385559471452,0.21003880598714905,0.5194722386313193,0.516788917296897,0.09852323138979376,0.09424420759839434,0.5723521856654308,0.5983390201026016,2.8002526323546513,3.737929726691645,2.721355151911062,2.0386905278862892,24.23076923076923,37.61395348837209,1.361904761904762,0.8773339928279956
송파구,방이1동,방이1동,37.509773,127.122314,True,889,785,785,779,25,216,551,97,612,277,41.44054,31.08,82.45019226074218,0.2267515923566879,23.222795,10.120717,61.5710693359375,18.21774632696391,17.457783333333335,27.344506666666668,21.306276,16.845016,6.817756,104,0.11698537682789653,0.014623172103487065,0.07761529808773904,0.024746906636670417,0.0,0.125,0.6634615384615384,0.21153846153846154,0.0,30,2,419.0,canon,419.0,False,2.1217183770883055,42.39842,42.65985,0.9774077,0.97141784,0.20895385559471452,0.21003880598714905,1.0851754408231344,1.0795699932257348,0.09852323138979376,0.09424420759839434,0.7877867685913049,0.823555102913947,2.8002526323546513,3.737929726691645,0.7576882001907856,0.5676185836072924,24.23076923076923,37.61395348837209,1.2380952380952381,0.7975763571163597
송파구,방이2동,방이2동,37.513256,127.11382,True,1498,1228,1228,1216,38,420,840,200,1131,367,45.67648,38.133667,84.21666641235352,0.26547231270358307,25.745571,17.015083,61.641648864746095,19.930904885993485,19.25991666666667,29.32684833333333,31.919312,18.73558,10.319245,268,0.17890520694259013,0.04205607476635514,0.09212283044058744,0.04472630173564753,0.0,0.23507462686567165,0.5149253731343284,0.25,0.0,30,2,770.0,canon,770.0,False,1.9454545454545455,42.39842,42.65985,1.0773157,1.0707135,0.20895385559471452,0.21003880598714905,1.2704829587757949,1.2639203096585192,0.09852323138979376,0.09424420759839434,0.9350366318793991,0.9774906361688902,2.8002526323546513,3.737929726691645,0.6947425110778913,0.5204631139966407,24.23076923076923,37.61395348837209,1.2380952380952381,0.7975763571163597
송파구,삼전동,삼전동,37.50172,127.0919,True,717,558,558,554,9,115,545,48,638,79,37.358826,30.22625,70.62673416137696,0.14874551971326164,18.797739,9.779083,48.88128166198731,18.56108494623656,17.509866666666667,27.741366666666668,31.52054,18.938515,10.464853,159,0.22175732217573219,0.0794979079497908,0.10460251046025104,0.03765690376569038,0.0,0.3584905660377358,0.4716981132075472,0.16981132075471697,0.0,33,2,878.0,canon,878.0,False,0.816628701594533,42.39842,42.65985,0.88113725,0.87573737,0.20895385559471452,0.21003880598714905,0.7118582200357548,0.7081811335490187,0.09852323138979376,0.09424420759839434,1.0617040162477562,1.109909172412981,2.8002526323546513,3.737929726691645,0.29162679543947206,0.21847085453832546,24.23076923076923,37.61395348837209,1.361904761904762,0.8773339928279956
송파구,석촌동,석촌동,37.502724,127.10246,True,2515,2197,2197,2189,6,567,1832,110,1905,610,39.5261,31.810217,74.93037567138674,0.17523896222121074,19.76467,10.015067,53.45547943115236,19.761429608557123,19.213,28.18818333333334,26.878393,18.296404,8.8038225,318,0.126441351888668,0.02107355864811133,0.07833001988071571,0.027037773359840953,0.0,0.16666666666666666,0.6194968553459119,0.2138364779874214,0.0,33,2,1004.0,canon,1004.0,False,2.504980079681275,42.39842,42.65985,0.93225414,0.926541,0.20895385559471452,0.21003880598714905,0.838649096579022,0.8343170748739284,0.09852323138979376,0.09424420759839434,0.7950411164531708,0.8311388240909804,2.8002526323546513,3.737929726691645,0.8945550307633886,0.6701517317979049,24.23076923076923,37.61395348837209,1.361904761904762,0.8773339928279956
송파구,송파1동,송파1동,37.507168,127.11032,True,933,744,744,742,10,217,606,100,699,234,40.1275,33.447777,73.15521392822266,0.16129032258064516,21.231392,12.758949,52.34208564758302,18.89610752688172,18.161141666666666,28.671700000000005,23.782066,18.122337,7.954264,189,0.20257234726688106,0.03429796355841372,0.11254019292604502,0.055734190782422297,0.0,0.1693121693121693,0.5555555555555556,0.2751322751322751,0.0,33,2,677.0,canon,677.0,False,1.378138847858198,42.39842,42.65985,0.94643855,0.9406385,0.20895385559471452,0.21003880598714905,0.7718944554604571,0.767907253245924,0.09852323138979376,0.09424420759839434,1.1422706232684865,1.1941337912841912,2.8002526323546513,3.737929726691645,0.4921480411927551,0.36869041116991697,24.23076923076923,37.61395348837209,1.361904761904762,0.8773339928279956
송파구,송파2동,송파2동,37.502834,127.11683,True,812,645,645,642,4,331,360,117,663,149,45.223614,35.78145,87.41411590576172,0.29147286821705426,26.231684,14.820666,66.08975830078126,18.99193149870801,18.316266666666667,26.953123333333334,23.379953,18.816683,7.9383874,167,0.20566502463054187,0.04310344827586207,0.13054187192118227,0.03201970443349754,0.0,0.20958083832335328,0.6347305389221557,0.15568862275449102,0.0,43,3,481.0,canon,481.0,False,1.6881496881496882,42.39842,42.65985,1.0666344,1.0600978,0.20895385559471452,0.21003880598714905,1.3949150035421842,1.3877096036952696,0.09852323138979376,0.09424420759839434,1.3249856920010177,1.3851447770399243,2.8002526323546513,3.737929726691645,0.6028562097021125,0.4516269196007145,24.23076923076923,37.61395348837209,1.7746031746031747,1.1431927785334488
송파구,오금동,오금동,37.50399,127.1344,True,4447,3869,3869,3847,306,869,2838,434,3619,828,39.452812,31.250116,77.10396270751959,0.17653140346342724,20.94722,10.865833,55.746915435791024,18.505591914362025,17.45811666666667,28.470390000000002,25.480587,18.860153,8.556118,576,0.129525522824376,0.026309871823701373,0.07105914099392849,0.032156510006746124,0.0,0.203125,0.5486111111111112,0.2482638888888889,0.0,0,0,1439.0,canon,1439.0,False,3.0903405142460043,42.39842,42.65985,0.93052554,0.92482305,0.20895385559471452,0.21003880598714905,0.8448343915980491,0.8404704199005402,0.09852323138979376,0.09424420759839434,0.7212424926745721,0.7539894790853877,2.8002526323546513,3.737929726691645,1.1035934681534167,0.8267519028457481,24.23076923076923,37.61395348837209,0.0,0.0
송파구,오륜동,오륜동,37.51766,127.12851,True,1161,959,959,949,18,33,759,351,530,631,40.280533,32.454716,75.53380737304688,0.18039624608967675,20.73544,10.81805,52.67770462036133,19.54509369134515,18.50945,29.687483333333336,36.36618,25.735384,17.088589,202,0.1739879414298019,0.03273040482342808,0.10766580534022395,0.03359173126614987,0.0,0.18811881188118812,0.6188118811881188,0.19306930693069307,0.0,30,2,303.0,canon,303.0,False,3.8316831683168315,42.39842,42.65985,0.950048,0.94422585,0.20895385559471452,0.21003880598714905,0.8633305452835103,0.8588710321497165,0.09852323138979376,0.09424420759839434,1.0927961235280523,1.142412972466419,2.8002526323546513,3.737929726691645,1.3683348152394665,1.0250816490625054,24.23076923076923,37.61395348837209,1.2380952380952381,0.7975763571163597
송파구,잠실2동,잠실2동,37.51772,127.07882,True,1964,1704,1704,1672,4,172,1496,292,1604,360,46.031727,35.8813,91.55485229492187,0.2323943661971831,23.310873,12.435392,62.04959602355957,22.720856328247258,21.209666666666667,33.518550000000005,31.018978,25.293373,13.530797,255,0.12983706720977597,0.02494908350305499,0.06670061099796334,0.03818737270875764,0.0,0.19215686274509805,0.5137254901960784,0.29411764705882354,0.0,10,1,566.0,canon,566.0,False,3.469964664310954,42.39842,42.65985,1.0856944,1.079041,0.20895385559471452,0.21003880598714905,1.1121803210366867,1.106435380381099,0.09852323138979376,0.09424420759839434,0.6770038909307741,0.7077422867429333,2.8002526323546513,3.737929726691645,1.2391612900273077,0.9283119047243671,24.23076923076923,37.61395348837209,0.41269841269841273,0.26585878570545324
송파구,잠실3동,잠실3동,37.513638,127.09432,True,1143,921,921,917,15,222,612,294,790,353,43.160957,35.36245,77.15483093261719,0.19218241042345277,21.485554,11.734217,52.854331970214844,21.67540427072023,20.318883333333336,31.71516666666667,31.876038,22.468023,12.459542,222,0.1942257217847769,0.03237095363079615,0.1294838145231846,0.03237095363079615,0.0,0.16666666666666666,0.6666666666666666,0.16666666666666666,0.0,10,1,683.0,canon,683.0,False,1.6734992679355782,42.39842,42.65985,1.0179851,1.0117465,0.20895385559471452,0.21003880598714905,0.9197361296659128,0.9149852548448175,0.09852323138979376,0.09424420759839434,1.314246525379375,1.373918013878984,2.8002526323546513,3.737929726691645,0.5976243888139411,0.4477075253677264,24.23076923076923,37.61395348837209,0.41269841269841273,0.26585878570545324
송파구,잠실4동,잠실4동,37.521255,127.108154,True,461,371,371,370,1,226,189,45,419,42,43.49792,35.122715,82.45233154296875,0.21293800539083557,23.228191,14.461284,56.07411575317383,20.269727897574125,19.259283333333332,29.917616666666667,24.99636,18.883316,8.642232,90,0.19522776572668113,0.0368763557483731,0.09761388286334056,0.06073752711496746,0.0,0.18888888888888888,0.5,0.3111111111111111,0.0,30,2,436.0,canon,436.0,False,1.0573394495412844,42.39842,42.65985,1.0259327,1.0196455,0.20895385559471452,0.21003880598714905,1.0190671274515684,1.0138031607543223,0.09852323138979376,0.09424420759839434,0.9907702121253465,1.035754720112938,2.8002526323546513,3.737929726691645,0.3775871638596402,0.28286766388118034,24.23076923076923,37.61395348837209,1.2380952380952381,0.7975763571163597
송파구,잠실6동,잠실6동,37.519066,127.09998,True,2727,2107,2107,2081,36,628,1192,871,2184,543,47.84412,40.978,87.56127319335938,0.2562885619364025,25.78249,16.721716,63.12336730957032,22.0616308258187,21.310283333333334,32.31966666666667,26.964962,19.997221,9.643532,619,0.22698936560322702,0.0484048404840484,0.12944627796112945,0.04913824715804914,0.0,0.21324717285945072,0.5702746365105008,0.21647819063004847,0.0,10,1,358.0,canon,358.0,False,7.61731843575419,42.39842,42.65985,1.1284411,1.1215258,0.20895385559471452,0.21003880598714905,1.2265318637311868,1.2201962429365703,0.09852323138979376,0.09424420759839434,1.3138655333886977,1.3735197234905168,2.8002526323546513,3.737929726691645,2.720225435284747,2.0378442059412665,24.23076923076923,37.61395348837209,0.41269841269841273,0.26585878570545324
송파구,잠실7동,잠실7동,37.50748,127.0741,True,694,579,579,577,9,100,281,304,336,358,53.98609,44.192833,98.52596588134767,0.32469775474956825,30.621027,19.792616,70.28161621093753,23.365064968336213,22.66305,32.48507666666667,30.151785,25.213154,13.148667,115,0.16570605187319884,0.024495677233429394,0.10518731988472622,0.03602305475504323,0.0,0.14782608695652175,0.6347826086956522,0.21739130434782608,0.0,10,1,230.0,canon,230.0,False,3.017391304347826,42.39842,42.65985,1.2733043,1.2655011,0.20895385559471452,0.21003880598714905,1.5539208588682365,1.5458941181061296,0.09852323138979376,0.09424420759839434,1.0676397678083345,1.1161144283048576,2.8002526323546513,3.737929726691645,1.0775425293719263,0.8072359634803646,24.23076923076923,37.61395348837209,0.41269841269841273,0.26585878570545324
송파구,잠실본동,잠실본동,37.50551,127.08229,True,1203,961,961,950,16,385,578,224,817,386,41.997044,35.1295,74.67428588867188,0.1696149843912591,21.158798,12.043716,52.31478500366211,20.838248231009366,19.95873333333333,29.832216666666667,25.97658,20.823683,9.769524,242,0.20116375727348296,0.029093931837073983,0.13798836242726517,0.03408146300914381,0.0,0.1446280991735537,0.6859504132231405,0.16942148760330578,0.0,33,2,756.0,canon,756.0,False,1.5912698412698412,42.39842,42.65985,0.99053323,0.984463,0.20895385559471452,0.21003880598714905,0.8117341692906743,0.8075411759941007,0.09852323138979376,0.09424420759839434,1.4005667544676137,1.4641574898192056,2.8002526323546513,3.737929726691645,0.5682593859154017,0.42570887031582516,24.23076923076923,37.61395348837209,1.361904761904762,0.8773339928279956
송파구,장지동,장지동,37.482788,127.13163,True,5710,4622,4622,4593,162,2243,2896,409,4030,1680,44.690964,35.58988,86.07521362304688,0.25032453483340544,25.436058,13.95005,65.99535827636723,19.254907915043994,18.461391666666668,28.31552166666667,24.716928,19.811419,8.992428,1085,0.19001751313485113,0.03502626970227671,0.11576182136602452,0.03922942206654991,0.0,0.18433179723502305,0.6092165898617512,0.2064516129032258,0.0,33,2,1304.0,canon,1304.0,False,4.378834355828221,42.39842,42.65985,1.0540714,1.0476118,0.20895385559471452,0.21003880598714905,1.197989547122467,1.1918013609767009,0.09852323138979376,0.09424420759839434,1.1749697988287515,1.2283176262601074,2.8002526323546513,3.737929726691645,1.5637283240927393,1.171459785495707,24.23076923076923,37.61395348837209,1.361904761904762,0.8773339928279956
송파구,풍납1동,풍납1동,37.53824,127.114296,True,729,605,605,602,4,281,367,77,577,152,34.036537,26.3125,66.84030456542969,0.1322314049586777,18.431236,9.432734,52.96224899291993,15.605300743801653,14.303500000000001,24.092396666666666,19.423168,18.673824,6.29307,122,0.1673525377229081,0.015089163237311385,0.11248285322359397,0.039780521262002745,0.0,0.09016393442622951,0.6721311475409836,0.23770491803278687,0.0,40,3,546.0,canon,546.0,False,1.335164835164835,42.39842,42.65985,0.8027785,0.7978588,0.20895385559471452,0.21003880598714905,0.6328258676171682,0.6295570208429393,0.09852323138979376,0.09424420759839434,1.1416886315733075,1.193525375086398,2.8002526323546513,3.737929726691645,0.47680156416534947,0.3571936694343793,24.23076923076923,37.61395348837209,1.650793650793651,1.063435142821813
송파구,풍납2동,풍납2동,37.52985,127.11013,True,5979,5114,5114,5035,144,450,4821,564,5558,421,38.05398,29.333141,75.09371643066406,0.1724677356276887,20.735891,10.453275,54.54443740844726,17.318091396167382,16.30295,27.114335,31.438387,24.164986,13.570181,863,0.14433851814684728,0.035122930255895635,0.07325639739086803,0.03595919050008363,0.0,0.24333719582850522,0.507531865585168,0.24913093858632676,0.0,40,3,774.0,canon,774.0,False,7.724806201550388,42.39842,42.65985,0.89753306,0.8920327,0.20895385559471452,0.21003880598714905,0.8253867110363636,0.8211231958642962,0.09852323138979376,0.09424420759839434,0.743544404273943,0.7773039771636439,2.8002526323546513,3.737929726691645,2.7586104597479917,2.0666001681062727,24.23076923076923,37.61395348837209,1.650793650793651,1.063435142821813
양천구,목1동,목1동,37.527443,126.8751,True,3084,2699,2699,2694,74,590,2080,340,2418,666,37.287056,29.368834,70.09122314453127,0.14820303816228234,18.724316,9.642167,50.972019195556655,18.56274005804619,17.7546,28.115940000000005,23.617323,19.266273,8.041284,384,0.1245136186770428,0.03728923476005188,0.05609597924773022,0.0311284046692607,0.0,0.2994791666666667,0.4505208333333333,0.25,0.0,47,3,691.0,canon,691.0,False,4.463096960926194,39.849766,42.65985,0.9356907,0.87405497,0.1843942326531601,0.21003880598714905,0.8037292491736859,0.7055983653389742,0.06623773504555358,0.09424420759839434,0.8468885478821312,0.5952193845883207,2.5651192697840015,3.737929726691645,1.739917910835395,1.1940023722373128,36.666666666666664,37.61395348837209,1.281818181818182,1.2495362928156302
양천구,목2동,목2동,37.543594,126.8741,True,1197,1023,1023,1016,4,641,514,38,881,316,47.52867,40.6434,83.9553939819336,0.2932551319648094,27.805708,18.6861,65.08144989013672,19.72296731834474,18.7415,28.151683333333335,20.11485,18.057589,6.364259,174,0.14536340852130325,0.03842940685045948,0.0785296574770259,0.028404344193817876,0.0,0.26436781609195403,0.5402298850574713,0.19540229885057472,0.0,47,3,1018.0,canon,1018.0,False,1.1758349705304518,39.849766,42.65985,1.1926963,1.1141312,0.1843942326531601,0.21003880598714905,1.5903704131376675,1.39619500590168,0.06623773504555358,0.09424420759839434,1.1855728071471467,0.8332571250603185,2.5651192697840015,3.737929726691645,0.45839387835929524,0.3145685062333037,36.666666666666664,37.61395348837209,1.281818181818182,1.2495362928156302
양천구,목3동,목3동,37.5452,126.86541,True,1862,1669,1669,1663,19,549,1183,111,1484,378,38.06297,30.453884,72.9326156616211,0.1713600958657879,18.514992,9.607117,51.74946823120117,19.547975194727382,18.46195,29.17681,25.514154,20.99933,9.379087,192,0.10311493018259936,0.02900107411385607,0.04833512352309345,0.02577873254564984,0.0,0.28125,0.46875,0.25,0.0,37,2,884.0,canon,884.0,False,2.1063348416289593,39.849766,42.65985,0.9551617,0.8922434,0.1843942326531601,0.21003880598714905,0.9293137502196773,0.8158496952999835,0.06623773504555358,0.09424420759839434,0.7297218645814505,0.5128710268228405,2.5651192697840015,3.737929726691645,0.821144991751719,0.5635030606884168,36.666666666666664,37.61395348837209,1.0090909090909093,0.9836775071101769
양천구,목4동,목4동,37.53544,126.8669,True,1975,1668,1668,1660,263,378,1174,160,1532,443,41.05494,32.756386,78.02194061279296,0.1720623501199041,20.576838,10.108525,54.35703125,20.478101019184653,19.810091666666665,29.932415,24.198383,19.743698,8.304674,307,0.15544303797468353,0.029873417721518986,0.08810126582278481,0.03746835443037975,0.0,0.19218241042345277,0.5667752442996743,0.24104234527687296,0.0,47,3,859.0,canon,859.0,False,2.29918509895227,39.849766,42.65985,1.0302429,0.96237886,0.1843942326531601,0.21003880598714905,0.9331221895835977,0.819193145339207,0.06623773504555358,0.09424420759839434,1.3300766664529675,0.934818893042354,2.5651192697840015,3.737929726691645,0.8963267813842727,0.6150958597574346,36.666666666666664,37.61395348837209,1.281818181818182,1.2495362928156302
양천구,목5동,목5동,37.536312,126.88103,True,2988,2651,2651,2638,15,629,2233,111,2729,259,35.715656,28.077833,69.94261932373047,0.14975480950584685,18.122908,9.6044,49.052833557128906,17.592747296617627,16.709216666666666,27.66895,23.258291,19.454624,7.8128953,333,0.11144578313253012,0.030455153949129853,0.0498661311914324,0.03112449799196787,0.0,0.2732732732732733,0.44744744744744747,0.27927927927927926,0.0,47,3,688.0,canon,688.0,False,4.343023255813954,39.849766,42.65985,0.89625764,0.8372194,0.1843942326531601,0.21003880598714905,0.8121447582773972,0.712986387453609,0.06623773504555358,0.09424420759839434,0.752835693387433,0.529116138404266,2.5651192697840015,3.737929726691645,1.693107726791847,1.161879321807867,36.666666666666664,37.61395348837209,1.281818181818182,1.2495362928156302
양천구,신월1동,신월1동,37.531265,126.83453,True,1768,1504,1504,1496,16,484,1124,144,1503,265,42.04397,32.672558,84.27276763916016,0.2214095744680851,22.17568,9.995026,62.503230667114266,19.868286558067375,19.1272,29.248365000000003,23.55701,16.045923,6.598,262,0.14819004524886878,0.029411764705882353,0.08710407239819004,0.03167420814479638,0.0,0.1984732824427481,0.5877862595419847,0.21374045801526717,0.0,10,1,1265.0,canon,1265.0,False,1.3976284584980236,39.849766,42.65985,1.0550618,0.9855629,0.1843942326531601,0.21003880598714905,1.2007402361903028,1.0541365126672437,0.06623773504555358,0.09424420759839434,1.3150219031234398,0.9242379411726737,2.5651192697840015,3.737929726691645,0.5448590539089094,0.37390442322066664,36.666666666666664,37.61395348837209,0.27272727272727276,0.26585878570545324
양천구,신월2동,신월2동,37.5234,126.84633,True,1287,1102,1102,1093,68,273,759,187,986,301,37.51955,29.970892,75.23620147705076,0.15789473684210525,17.745687,9.186225,54.113311386108386,19.773862265577737,18.937191666666667,29.109471666666664,19.315477,15.809596,5.9889617,185,0.14374514374514374,0.023310023310023312,0.08935508935508936,0.03108003108003108,0.0,0.16216216216216217,0.6216216216216216,0.21621621621621623,0.0,57,4,1018.0,canon,1018.0,False,1.2642436149312377,39.849766,42.65985,0.941525,0.879505,0.1843942326531601,0.21003880598714905,0.8562889119157019,0.751740784756536,0.06623773504555358,0.09424420759839434,1.3490058090548736,0.9481228781280742,2.5651192697840015,3.737929726691645,0.49285958349909187,0.3382202736192664,36.666666666666664,37.61395348837209,1.5545454545454547,1.5153950785210832
양천구,신월3동,신월3동,37.53236,126.82747,True,845,703,703,698,27,144,558,116,741,104,39.90615,29.634716,86.31455383300784,0.1934566145092461,20.414463,9.236283,61.17850952148439,19.491687268847794,18.912399999999998,29.46777,25.718378,16.918612,7.5998163,142,0.1680473372781065,0.02485207100591716,0.0757396449704142,0.06745562130177515,0.0,0.14788732394366197,0.4507042253521127,0.4014084507042254,0.0,10,1,999.0,canon,999.0,False,0.8458458458458459,39.849766,42.65985,1.0014149,0.93544984,0.1843942326531601,0.21003880598714905,1.049146774959779,0.9210517723143146,0.06623773504555358,0.09424420759839434,1.1434516128657763,0.8036530509457495,2.5651192697840015,3.737929726691645,0.32974912933271566,0.22628725195283017,36.666666666666664,37.61395348837209,0.27272727272727276,0.26585878570545324
양천구,신월4동,신월4동,37.522247,126.83982,True,866,766,766,764,17,178,625,46,576,290,35.441216,28.458359,65.89955520629883,0.11488250652741515,15.455844,8.962033,43.40813446044922,19.98537186684073,19.233725,29.99345,19.4737,17.449501,6.3133993,100,0.11547344110854503,0.015011547344110854,0.06928406466512702,0.03117782909930716,0.0,0.13,0.6,0.27,0.0,20,2,976.0,canon,976.0,False,0.8872950819672131,39.849766,42.65985,0.88937074,0.8307862,0.1843942326531601,0.21003880598714905,0.6230265712458893,0.5469584822075406,0.06623773504555358,0.09424420759839434,1.0459908482299158,0.7351546204342793,2.5651192697840015,3.737929726691645,0.3459079242120109,0.2373760736140263,36.666666666666664,37.61395348837209,0.5454545454545455,0.5317175714109065
양천구,신월5동,신월5동,37.540047,126.829895,True,1135,989,989,982,11,357,650,117,713,422,41.950397,33.23555,80.31786041259767,0.20020222446916078,21.197268,10.1095,58.0323471069336,20.753128244017525,20.5114,29.827803333333335,28.756922,18.400251,9.619278,146,0.12863436123348015,0.027312775330396475,0.05814977973568282,0.04317180616740088,0.0,0.21232876712328766,0.4520547945205479,0.3356164383561644,0.0,0,0,734.0,canon,734.0,False,1.5463215258855585,39.849766,42.65985,1.0527138,0.9833695,0.1843942326531601,0.21003880598714905,1.0857293180407384,0.9531677897721904,0.06623773504555358,0.09424420759839434,0.8778950502412493,0.6170117105072198,2.5651192697840015,3.737929726691645,0.602826365269077,0.41368394778629825,36.666666666666664,37.61395348837209,0.0,0.0
양천구,신월6동,신월6동,37.515972,126.84213,True,671,604,604,604,13,54,512,92,568,103,37.757603,30.008892,74.90566711425784,0.152317880794702,19.90599,11.135725,52.33661842346199,17.851613824503314,16.685491666666667,28.554280000000002,18.51634,16.224493,5.6097217,67,0.09985096870342772,0.020864381520119227,0.05216095380029806,0.026825633383010434,0.0,0.208955223880597,0.5223880597014925,0.26865671641791045,0.0,30,3,486.0,canon,486.0,False,1.3806584362139918,39.849766,42.65985,0.94749874,0.8850852,0.1843942326531601,0.21003880598714905,0.8260447119363394,0.7251892338600581,0.06623773504555358,0.09424420759839434,0.7874809391417971,0.5534658853791109,2.5651192697840015,3.737929726691645,0.5382433684380888,0.3693644710212304,36.666666666666664,37.61395348837209,0.8181818181818182,0.7975763571163597
양천구,신월7동,신월7동,37.520664,126.83234,True,2019,1763,1763,1755,40,1233,658,88,1710,309,54.03051,50.6545,94.27139892578124,0.40612592172433354,33.24091,28.163218,70.9724853515625,20.78960010398941,20.261616666666665,30.302093333333328,26.748161,16.663618,7.6705756,255,0.1263001485884101,0.018325903912828134,0.0703318474492323,0.037642397226349676,0.0,0.1450980392156863,0.5568627450980392,0.2980392156862745,0.0,20,2,1145.0,canon,1145.0,False,1.7633187772925765,39.849766,42.65985,1.3558551,1.2665424,0.1843942326531601,0.21003880598714905,2.202487116222577,1.933575654344473,0.06623773504555358,0.09424420759839434,1.0618093659280934,0.746272362424007,2.5651192697840015,3.737929726691645,0.6874217499606007,0.47173673830761104,36.666666666666664,37.61395348837209,0.5454545454545455,0.5317175714109065
양천구,신정1동,신정1동,37.51888,126.859634,True,1238,1023,1023,1023,2,322,692,222,1046,192,43.97104,34.43345,88.90316009521486,0.2375366568914956,22.609272,10.53645,63.520668029785185,21.361765395894427,20.35911666666667,31.91046666666667,26.164925,17.696022,8.462247,213,0.17205169628432956,0.05250403877221325,0.07835218093699516,0.04119547657512116,0.0,0.3051643192488263,0.45539906103286387,0.23943661971830985,0.0,57,4,533.0,canon,533.0,False,2.3227016885553473,39.849766,42.65985,1.1034203,1.0307359,0.1843942326531601,0.21003880598714905,1.2882000346415106,1.1309179547803607,0.06623773504555358,0.09424420759839434,1.1828934199381986,0.8313739691130901,2.5651192697840015,3.737929726691645,0.9054946161434952,0.6213872005055368,36.666666666666664,37.61395348837209,1.5545454545454547,1.5153950785210832
양천구,신정2동,신정2동,37.51895,126.875175,True,1199,1087,1087,1084,30,378,713,78,843,356,36.19094,30.374884,64.48617553710938,0.12327506899724011,17.547815,9.641067,45.60638961791992,18.643124210364917,17.713716666666667,27.607156666666665,23.354769,18.292917,7.429024,111,0.09257714762301919,0.02418682235195997,0.03419516263552961,0.03419516263552961,0.0,0.26126126126126126,0.36936936936936937,0.36936936936936937,0.0,67,5,686.0,canon,686.0,False,1.7478134110787171,39.849766,42.65985,0.9081845,0.8483607,0.1843942326531601,0.21003880598714905,0.6685408064205388,0.586915681689709,0.06623773504555358,0.09424420759839434,0.5162489721608479,0.3628356957622953,2.5651192697840015,3.737929726691645,0.6813770539511379,0.4675886222787999,36.666666666666664,37.61395348837209,1.8272727272727274,1.7812538642265365
양천구,신정3동,신정3동,37.511784,126.83939,True,10448,9049,9049,9016,102,1820,7324,1202,9083,1365,40.04961,31.951,76.71539306640625,0.18001989170074043,20.317186,10.1955,55.283016967773435,19.73242382583711,18.744883333333334,30.515953333333332,22.736364,16.631413,6.716191,1395,0.13351837672281774,0.026607963246554366,0.06556278713629403,0.04134762633996937,0.0,0.1992831541218638,0.4910394265232975,0.3096774193548387,0.0,30,3,2262.0,canon,2262.0,False,4.618921308576481,39.849766,42.65985,1.0050149,0.93881273,0.1843942326531601,0.21003880598714905,0.976277235521527,0.8570791995063746,0.06623773504555358,0.09424420759839434,0.9898102205820387,0.6956691430382511,2.5651192697840015,3.737929726691645,1.8006653191472932,1.2356897123008734,36.666666666666664,37.61395348837209,0.8181818181818182,0.7975763571163597
양천구,신정4동,신정4동,37.52541,126.85757,True,2529,2117,2117,2104,36,499,1738,256,2021,508,39.284187,31.319883,76.10499725341798,0.16296646197449222,19.489092,10.078716,52.9952117919922,19.79509678003464,18.91045,30.185773333333337,24.015745,18.050083,8.484537,410,0.16211941478845393,0.03795966785290629,0.08382759984183472,0.04033214709371293,0.0,0.23414634146341465,0.5170731707317073,0.24878048780487805,0.0,57,4,1610.0,canon,1610.0,False,1.5708074534161491,39.849766,42.65985,0.98580724,0.92087024,0.1843942326531601,0.21003880598714905,0.8837937045516339,0.7758873947534395,0.06623773504555358,0.09424420759839434,1.2655565560051847,0.8894721699932134,2.5651192697840015,3.737929726691645,0.6123720919801209,0.4202346133474356,36.666666666666664,37.61395348837209,1.5545454545454547,1.5153950785210832
양천구,신정6동,신정6동,37.51591,126.869644,True,4557,4201,4201,4190,3,238,4239,77,4394,163,28.864983,24.974783,47.42511749267578,0.05284456081885265,12.301323,8.637617,28.459400177001953,16.563658343251607,15.510166666666667,25.955383333333334,18.151615,16.711622,5.2419662,354,0.07768268597761685,0.013605442176870748,0.04432740838270792,0.019749835418038184,0.0,0.1751412429378531,0.5706214689265536,0.2542372881355932,0.0,57,4,441.0,canon,441.0,False,10.333333333333334,39.849766,42.65985,0.7243451,0.6766311,0.1843942326531601,0.21003880598714905,0.28658467273351035,0.25159427359383235,0.06623773504555358,0.09424420759839434,0.6692168497643027,0.4703462367851999,2.5651192697840015,3.737929726691645,4.028402677043342,2.7644536117267053,36.666666666666664,37.61395348837209,1.5545454545454547,1.5153950785210832
양천구,신정7동,신정7동,37.510117,126.864685,True,2986,2512,2512,2504,50,685,1880,371,2347,639,40.636322,33.337776,74.61020126342774,0.18152866242038215,19.358067,10.172525,50.77780685424805,21.278254478503186,20.541325,31.069235,22.743614,17.407566,7.160573,474,0.15874079035498995,0.04989953114534494,0.06296048225050234,0.045880776959142666,0.0,0.3143459915611814,0.39662447257383965,0.2890295358649789,0.0,20,2,1418.0,canon,1418.0,False,2.1057827926657264,39.849766,42.65985,1.0197381,0.95256597,0.1843942326531601,0.21003880598714905,0.9844595452279248,0.864262494576782,0.06623773504555358,0.09424420759839434,0.950522873513151,0.6680567841240463,2.5651192697840015,3.737929726691645,0.8209297779915887,0.5633553722609724,36.666666666666664,37.61395348837209,0.5454545454545455,0.5317175714109065
영등포구,당산제1동,당산1동,37.52393,126.89685,True,2664,2193,2193,2182,52,146,2053,413,2384,280,45.724873,36.147785,91.59089813232421,0.2476060191518468,25.558594,12.763166,67.9577865600586,20.16627919896641,19.060383333333334,31.79834333333333,26.316212,17.785929,8.254424,468,0.17567567567567569,0.033783783783783786,0.09084084084084085,0.05105105105105105,0.0,0.19230769230769232,0.5170940170940171,0.2905982905982906,0.0,67,5,756.0,canon,756.0,False,3.5238095238095237,43.233597,42.65985,1.0576236,1.0718479,0.21519734878443644,0.21003880598714905,1.1505997659844507,1.1788584399351243,0.09621455896564016,0.09424420759839434,0.9441485968176775,0.9638877884988288,3.478860467637671,3.737929726691645,1.0129206263343973,0.9427168998515031,45.5,37.61395348837209,1.4725274725274726,1.7812538642265365
영등포구,당산제2동,당산2동,37.53298,126.903915,True,1233,910,910,901,22,336,674,201,888,345,42.088356,32.91192,85.26703109741212,0.1934065934065934,22.511066,11.339808,62.32335090637208,19.57728701465201,18.164833333333334,30.014921666666666,28.979822,20.358047,10.321996,323,0.2619626926196269,0.0373073803730738,0.17437145174371452,0.050283860502838604,0.0,0.14241486068111456,0.6656346749226006,0.19195046439628483,0.0,57,4,891.0,canon,891.0,False,1.3838383838383839,43.233597,42.65985,0.9735104,0.98660344,0.21519734878443644,0.21003880598714905,0.8987405955466911,0.9208136205955519,0.09621455896564016,0.09424420759839434,1.8123187760595099,1.8502086885463433,3.478860467637671,3.737929726691645,0.39778496341305775,0.37021519531432906,45.5,37.61395348837209,1.2527472527472527,1.5153950785210832
영등포구,대림제1동,대림1동,37.493767,126.90526,True,2127,1823,1823,1818,17,311,1591,208,1866,261,45.01555,32.883717,92.69459075927733,0.25891387822270984,26.562817,12.512667,69.54153900146484,18.45273023404644,17.3105,29.45574333333333,23.724203,14.501612,5.9290285,301,0.14151386929948284,0.03902209685002351,0.05876821814762576,0.04372355430183357,0.0,0.2757475083056478,0.4152823920265781,0.3089700996677741,0.0,42,4,893.0,canon,893.0,False,2.381858902575588,43.233597,42.65985,1.0412169,1.0552205,0.21519734878443644,0.21003880598714905,1.203146226871337,1.2326954393301548,0.09621455896564016,0.09424420759839434,0.610803799127873,0.6235737945620651,3.478860467637671,3.737929726691645,0.6846664086510476,0.6372133979853377,45.5,37.61395348837209,0.9230769230769231,1.1166068999629035
영등포구,대림제2동,대림2동,37.489635,126.90064,True,1101,988,988,981,12,232,805,52,979,122,38.65779,31.67775,70.3550025939942,0.15587044534412955,19.585539,10.131866,49.201735305786144,19.0722560560054,18.332608333333333,29.54447166666668,19.32859,15.614902,5.3654795,111,0.10081743869209808,0.025431425976385105,0.043596730245231606,0.03178928247048138,0.0,0.25225225225225223,0.43243243243243246,0.3153153153153153,0.0,44,4,902.0,canon,902.0,False,1.2206208425720622,43.233597,42.65985,0.89416087,0.90618676,0.21519734878443644,0.21003880598714905,0.7243139668057215,0.7421030823878626,0.09621455896564016,0.09424420759839434,0.45311988865220215,0.46259320711795526,3.478860467637671,3.737929726691645,0.35086800805234014,0.32654997065779656,45.5,37.61395348837209,0.967032967032967,1.169778657103994
영등포구,대림제3동,대림3동,37.499866,126.89727,True,5491,4734,4734,4709,53,658,4455,325,4822,669,39.7348,30.384167,78.98863449096679,0.19497253907900297,21.498426,10.8168,58.15859527587891,18.23637068018589,17.553966666666668,28.47343,26.167707,17.038685,7.934064,754,0.13731560735749407,0.021307594245128392,0.07958477508650519,0.0364232380258605,0.0,0.15517241379310345,0.5795755968169761,0.26525198938992045,0.0,52,5,1225.0,canon,1225.0,False,4.482448979591837,43.233597,42.65985,0.9190722,0.93143314,0.21519734878443644,0.21003880598714905,0.9060173844163262,0.9282691270437526,0.09621455896564016,0.09424420759839434,0.8271593815123786,0.8444526949140702,3.478860467637671,3.737929726691645,1.2884819673827435,1.1991795746141938,45.5,37.61395348837209,1.1428571428571428,1.3824656856683568
영등포구,도림동,도림동,37.509277,126.90124,True,1246,1049,1049,1042,35,428,705,78,872,374,41.124607,33.509834,77.09576568603516,0.18779790276453764,22.55367,12.829717,55.05700454711914,18.57093255481411,17.86005,28.420743333333334,19.841944,16.93981,6.3228655,197,0.1581059390048154,0.0449438202247191,0.08507223113964688,0.028089887640449437,0.0,0.28426395939086296,0.5380710659898477,0.17766497461928935,0.0,30,3,938.0,canon,938.0,False,1.328358208955224,43.233597,42.65985,0.9512187,0.96401197,0.21519734878443644,0.21003880598714905,0.8726775855991382,0.8941105043990195,0.09621455896564016,0.09424420759839434,0.8841929127381606,0.9026786187451192,3.478860467637671,3.737929726691645,0.3818371622870086,0.35537270791094383,45.5,37.61395348837209,0.6593406593406593,0.7975763571163597
영등포구,문래동,문래동,37.51638,126.89147,True,2809,2342,2342,2329,38,933,1478,360,2370,439,44.01535,35.902527,79.23047485351563,0.22886421861656703,24.161375,13.0901165,58.77127151489259,19.853975099629945,18.811191666666666,29.91186166666667,25.92861,16.909798,7.843486,464,0.16518333926664291,0.02847988608045568,0.10145959416162335,0.0352438590245639,0.0,0.1724137931034483,0.6142241379310345,0.21336206896551724,0.0,67,5,901.0,canon,901.0,False,3.1176470588235294,43.233597,42.65985,1.0180821,1.0317746,0.21519734878443644,0.21003880598714905,1.0635085418539274,1.0896282596015605,0.09621455896564016,0.09424420759839434,1.0545139452113093,1.0765605308495578,3.478860467637671,3.737929726691645,0.8961690438077776,0.8340571617923076,45.5,37.61395348837209,1.4725274725274726,1.7812538642265365
영등포구,신길제1동,신길1동,37.512337,126.91951,True,2095,1798,1798,1789,113,479,1456,47,1758,337,42.003212,33.542084,77.09840240478516,0.1835372636262514,22.183346,11.994333,58.57406883239746,19.819864886911382,19.169358333333335,28.459766666666667,20.990963,17.603756,6.599156,294,0.14033412887828162,0.02720763723150358,0.07541766109785203,0.037708830548926014,0.0,0.19387755102040816,0.5374149659863946,0.2687074829931973,0.0,40,4,880.0,canon,880.0,False,2.3806818181818183,43.233597,42.65985,0.971541,0.9846076,0.21519734878443644,0.21003880598714905,0.8528788326760521,0.8738254950729479,0.09621455896564016,0.09424420759839434,0.7838487429411275,0.8002365664660428,3.478860467637671,3.737929726691645,0.6843280552147084,0.6368984952236929,45.5,37.61395348837209,0.8791208791208791,1.063435142821813
영등포구,신길제3동,신길3동,37.506447,126.90588,True,1644,1411,1411,1406,63,726,812,43,1360,284,39.183834,33.040615,71.73750305175781,0.1686746987951807,20.84519,11.174883,51.244667053222656,18.338643656980864,17.682833333333335,27.664833333333334,18.253822,15.60874,5.0859137,233,0.14172749391727493,0.024939172749391728,0.07725060827250609,0.03953771289537713,0.0,0.1759656652360515,0.5450643776824035,0.27896995708154504,0.0,40,4,840.0,canon,840.0,False,1.957142857142857,43.233597,42.65985,0.9063283,0.9185178,0.21519734878443644,0.21003880598714905,0.7838140188434313,0.8030644527921229,0.09621455896564016,0.09424420759839434,0.8028993647426433,0.819685477135066,3.478860467637671,3.737929726691645,0.5625815911127531,0.523590061944551,45.5,37.61395348837209,0.8791208791208791,1.063435142821813
영등포구,신길제4동,신길4동,37.507286,126.91292,True,538,473,473,469,9,144,363,22,384,154,35.360237,29.034283,62.36665878295899,0.10782241014799154,16.467796,9.665883,39.782971954345705,18.89244052149401,18.106616666666664,26.855973333333335,19.577625,15.634801,5.7580914,65,0.120817843866171,0.03903345724907063,0.05204460966542751,0.02973977695167286,0.0,0.3230769230769231,0.4307692307692308,0.24615384615384617,0.0,40,4,623.0,canon,623.0,False,0.8635634028892456,43.233597,42.65985,0.81788796,0.82888794,0.21519734878443644,0.21003880598714905,0.5010396771012149,0.5133451870536176,0.09621455896564016,0.09424420759839434,0.5409223949570202,0.5522313889804958,3.478860467637671,3.737929726691645,0.24823168704884865,0.23102719045859793,45.5,37.61395348837209,0.8791208791208791,1.063435142821813
영등포구,신길제5동,신길5동,37.501118,126.905556,True,1063,824,824,815,13,239,497,314,892,171,52.99356,41.723507,101.15623092651369,0.33980582524271846,30.130135,18.067142,75.514501953125,22.863427144012945,21.439783333333335,36.80366333333334,37.56012,20.927292,14.892753,239,0.22483537158984004,0.02916274694261524,0.13358419567262464,0.062088428974600186,0.0,0.1297071129707113,0.5941422594142259,0.27615062761506276,0.0,52,5,564.0,canon,564.0,False,1.8847517730496455,43.233597,42.65985,1.2257495,1.2422351,0.21519734878443644,0.21003880598714905,1.5790428049515728,1.6178240189744224,0.09621455896564016,0.09424420759839434,1.3883989814922897,1.4174260580753244,3.478860467637671,3.737929726691645,0.5417727415579536,0.504223436730523,45.5,37.61395348837209,1.1428571428571428,1.3824656856683568
영등포구,신길제6동,신길6동,37.499157,126.91354,True,1817,1425,1425,1417,18,433,1115,251,1481,336,41.564384,34.16905,76.66753692626953,0.19508771929824562,21.373516,11.276667,54.4870559692383,20.1908676374269,19.358333333333334,30.252433333333354,20.314451,15.135907,5.686334,392,0.21574023115024765,0.04623004953219593,0.12383048981838195,0.04567969179966978,0.0,0.21428571428571427,0.5739795918367347,0.21173469387755103,0.0,30,3,744.0,canon,744.0,False,2.442204301075269,43.233597,42.65985,0.96139085,0.9743209,0.21519734878443644,0.21003880598714905,0.9065526150773601,0.9288175029436313,0.09621455896564016,0.09424420759839434,1.2870244498299255,1.3139321022896655,3.478860467637671,3.737929726691645,0.7020127204853531,0.6533574678079375,45.5,37.61395348837209,0.6593406593406593,0.7975763571163597
영등포구,신길제7동,신길7동,37.5058,126.9198,True,915,729,729,726,4,412,435,64,696,219,40.474495,33.583717,73.88999328613282,0.17969821673525377,20.357328,10.5876665,51.069390106201176,20.117166117969823,20.06105,27.91158,22.181074,16.976305,7.7342286,186,0.20327868852459016,0.029508196721311476,0.13879781420765028,0.034972677595628415,0.0,0.14516129032258066,0.6827956989247311,0.17204301075268819,0.0,30,3,571.0,canon,571.0,False,1.6024518388791593,43.233597,42.65985,0.93618155,0.94877255,0.21519734878443644,0.21003880598714905,0.8350391756696677,0.8555476969634286,0.09621455896564016,0.09424420759839434,1.4425863996031756,1.472746365475463,3.478860467637671,3.737929726691645,0.4606254990063767,0.4287003651878315,45.5,37.61395348837209,0.6593406593406593,0.7975763571163597
영등포구,양평제1동,양평1동,37.525074,126.88707,True,1928,1573,1573,1566,14,252,1381,281,1557,371,47.317383,36.8449,94.27587280273436,0.2555626191989828,26.298801,13.811617,67.59053344726563,21.018582051282053,19.408716666666667,33.153369999999995,29.02737,18.697756,9.974507,354,0.18360995850622405,0.037863070539419084,0.09906639004149377,0.046680497925311204,0.0,0.2062146892655367,0.53954802259887,0.2542372881355932,0.0,67,5,650.0,canon,650.0,False,2.9661538461538464,43.233597,42.65985,1.0944586,1.1091783,0.21519734878443644,0.21003880598714905,1.1875732700358699,1.2167400114368345,0.09621455896564016,0.09424420759839434,1.029640327893329,1.0511668840556052,3.478860467637671,3.737929726691645,0.852622251954825,0.7935285206068121,45.5,37.61395348837209,1.4725274725274726,1.7812538642265365
영등포구,양평제2동,양평2동,37.5406,126.89418,True,1799,1540,1540,1535,11,424,1291,73,1524,275,35.728344,26.907217,69.01564865112317,0.1357142857142857,17.669603,9.114834,49.01142463684083,18.058740270562772,17.158783333333332,26.96066166666667,25.370733,21.916878,9.4638605,257,0.14285714285714285,0.023346303501945526,0.08615897720956087,0.033351862145636464,0.0,0.16342412451361868,0.603112840466926,0.23346303501945526,0.0,47,3,582.0,canon,582.0,False,3.09106529209622,43.233597,42.65985,0.8264023,0.83751684,0.21519734878443644,0.21003880598714905,0.6306503610796383,0.646139103088356,0.09621455896564016,0.09424420759839434,0.8954879400354544,0.9142097897062564,3.478860467637671,3.737929726691645,0.8885281030530138,0.8269458010469476,45.5,37.61395348837209,1.032967032967033,1.2495362928156302
영등포구,여의동,여의동,37.52749,126.927574,True,13237,10798,10798,10744,115,876,10213,2033,9168,4069,52.089664,41.866142,101.4302474975586,0.31172439340618635,31.2923,19.393616,76.64451599121094,20.797365252824598,19.755775,32.13178500000003,34.11078,21.538519,12.142395,2434,0.1838785223237894,0.029538415048727052,0.11029689506685805,0.04404321220820428,0.0,0.16064092029580937,0.599835661462613,0.23952341824157766,0.0,54,3,809.0,canon,809.0,False,16.362175525339925,43.233597,42.65985,1.2048422,1.2210466,0.21519734878443644,0.21003880598714905,1.4485512724343144,1.4841276208038376,0.09621455896564016,0.09424420759839434,1.146363879360991,1.170330759603492,3.478860467637671,3.737929726691645,4.703314685239648,4.377336312264411,45.5,37.61395348837209,1.1868131868131868,1.4356374428094474
영등포구,영등포동,영등포동,37.521523,126.907845,True,9810,8569,8569,8481,298,350,7899,1263,8514,1296,48.825897,35.4465,99.2003692626953,0.2929163262924495,29.235735,14.052567,75.7118927001953,19.590162537441163,18.46916666666667,30.52061,30.061924,18.112082,9.467671,1237,0.12609582059123345,0.021202854230377165,0.07227319062181448,0.0326197757390418,0.0,0.16814874696847212,0.5731608730800324,0.2586903799514956,0.0,30,3,945.0,canon,945.0,False,10.380952380952381,43.233597,42.65985,1.1293508,1.1445398,0.21519734878443644,0.21003880598714905,1.3611521143128222,1.3945819436355547,0.09621455896564016,0.09424420759839434,0.7511668857477635,0.7668714339431276,3.478860467637671,3.737929726691645,2.984009412714846,2.777193029292266,45.5,37.61395348837209,0.6593406593406593,0.7975763571163597
영등포구,영등포본동,영등포본동,37.51372,126.9097,True,1321,1040,1040,1038,15,520,671,115,1019,302,46.30237,38.8535,82.20013961791992,0.23557692307692307,24.30936,14.0535,59.05502738952637,21.993007932692308,21.188833333333335,32.810293333333334,22.068573,16.752329,6.473714,280,0.21196063588190764,0.03785011355034065,0.12944738834216502,0.04466313398940197,0.0,0.17857142857142858,0.6107142857142858,0.21071428571428572,0.0,30,3,1057.0,canon,1057.0,False,1.249763481551561,43.233597,42.65985,1.0709811,1.0853851,0.21519734878443644,0.21003880598714905,1.0947017907404653,1.1215876131543832,0.09621455896564016,0.09424420759839434,1.3454033332771693,1.3735315054457569,3.478860467637671,3.737929726691645,0.35924507268330197,0.3343464358431633,45.5,37.61395348837209,0.6593406593406593,0.7975763571163597
용산구,남영동,남영동,37.54511,126.9735,True,3846,2653,2653,2638,202,914,1877,853,2775,1071,50.764553,41.023666,98.54358978271485,0.26649076517150394,26.359602,14.0616665,71.06200561523441,24.40494836662897,23.16166666666667,37.56498,33.83882,19.51954,11.342837,1191,0.3096723868954758,0.06838273530941237,0.17836713468538742,0.06292251690067603,0.0,0.22082283795130142,0.5759865659109992,0.2031905961376994,0.0,57,3,455.0,canon,455.0,False,8.452747252747253,46.117992,42.65985,1.1007538,1.1899843,0.22180895206895956,0.21003880598714905,1.201442785269789,1.2687691872891755,0.10694358936591186,0.09424420759839434,1.6678618675785883,1.8926058081518242,3.9329359617410558,3.737929726691645,2.1492206674540766,2.2613446134067865,36.4375,37.61395348837209,1.5643224699828473,1.5153950785210832
용산구,보광동,보광동,37.52587,127.00126,True,452,341,341,340,4,193,244,11,408,44,50.66664,43.686615,91.89421844482422,0.2991202346041056,29.066885,22.712334,67.16905212402344,21.599754740957966,20.659283333333335,31.082383333333333,23.80039,19.323915,7.861494,111,0.24557522123893807,0.022123893805309734,0.14823008849557523,0.0752212389380531,0.0,0.09009009009009009,0.6036036036036037,0.3063063063063063,0.0,13,1,318.0,canon,318.0,False,1.421383647798742,46.117992,42.65985,1.0986307,1.1876892,0.22180895206895956,0.21003880598714905,1.3485489734026164,1.4241189060197137,0.10694358936591186,0.09424420759839434,1.3860586630246712,1.5728296971547846,3.9329359617410558,3.737929726691645,0.36140523558627063,0.3802595960135334,36.4375,37.61395348837209,0.3567753001715266,0.3456164214170892
용산구,서빙고동,서빙고동,37.52247,126.98837,True,1688,1336,1336,1328,10,339,1118,221,885,803,57.3316,47.249916,105.9283447265625,0.38173652694610777,35.63363,24.186275,81.67133331298828,21.69796988522954,20.914633333333335,32.691583333333334,30.618208,22.691065,11.204799,352,0.20853080568720378,0.06872037914691943,0.09893364928909952,0.04087677725118483,0.0,0.32954545454545453,0.4744318181818182,0.19602272727272727,0.0,23,2,340.0,canon,340.0,False,4.964705882352941,46.117992,42.65985,1.2431504,1.343924,0.22180895206895956,0.21003880598714905,1.7210149697989976,1.8174571367991104,0.10694358936591186,0.09424420759839434,0.9251012601661798,1.049758407547851,3.9329359617410558,3.737929726691645,1.262340890024341,1.3281966878352973,36.4375,37.61395348837209,0.6312178387650086,0.6114752071225424
용산구,용문동,용문동,37.538147,126.95859,True,791,675,675,672,6,434,289,62,634,157,39.772545,34.928883,65.34757843017579,0.11851851851851852,18.840376,11.648666,42.795413208007815,20.932168049382717,20.261000000000003,31.069236666666665,25.705502,18.242619,8.829622,115,0.14538558786346398,0.029077117572692796,0.07585335018963338,0.040455120101137804,0.0,0.2,0.5217391304347826,0.2782608695652174,0.0,57,3,428.0,canon,428.0,False,1.8481308411214954,46.117992,42.65985,0.8624084,0.932318,0.22180895206895956,0.21003880598714905,0.5343270296938762,0.5642696260888568,0.10694358936591186,0.09424420759839434,0.7092837508015375,0.8048595465184398,3.9329359617410558,3.737929726691645,0.46991124673775614,0.49442632051759655,36.4375,37.61395348837209,1.5643224699828473,1.5153950785210832
용산구,용산2가동,용산2가동,37.540237,126.983536,True,335,279,279,278,3,123,186,23,244,91,48.39112,40.865215,90.68937225341799,0.26523297491039427,26.780087,15.505167,68.79775543212891,21.611035483870968,20.11371666666667,33.38799666666667,22.79197,17.90932,7.275943,56,0.16716417910447762,0.050746268656716415,0.08358208955223881,0.03283582089552239,0.0,0.30357142857142855,0.5,0.19642857142857142,0.0,13,1,418.0,canon,418.0,False,0.8014354066985646,46.117992,42.65985,1.0492895,1.1343482,0.22180895206895956,0.21003880598714905,1.1957721833875052,1.2627808164488528,0.10694358936591186,0.09424420759839434,0.7815530603359429,0.8868671261836023,3.9329359617410558,3.737929726691645,0.20377535116126844,0.2144062262529201,36.4375,37.61395348837209,0.3567753001715266,0.3456164214170892
용산구,원효로제1동,원효로1동,37.53747,126.96656,True,909,710,710,707,6,171,689,43,713,196,39.514812,32.555775,67.52539825439453,0.12535211267605634,19.071592,9.820499,45.731551361083994,20.44322089201878,19.710166666666666,30.913676666666664,23.31099,19.294342,7.721276,198,0.21782178217821782,0.039603960396039604,0.1265126512651265,0.0517051705170517,0.0,0.18181818181818182,0.5808080808080808,0.23737373737373738,0.0,57,3,441.0,canon,441.0,False,2.061224489795918,46.117992,42.65985,0.85681987,0.9262764,0.22180895206895956,0.21003880598714905,0.5651354983954157,0.5968045385085927,0.10694358936591186,0.09424420759839434,1.1829848990037009,1.342391797745689,3.9329359617410558,3.737929726691645,0.5240930719053567,0.5514347889092769,36.4375,37.61395348837209,1.5643224699828473,1.5153950785210832
용산구,원효로제2동,원효로2동,37.533104,126.95139,True,1273,1110,1110,1104,1,637,600,35,1028,245,35.04431,30.108917,56.5762882232666,0.08468468468468468,16.542072,9.775942,37.348838806152344,18.502243603603603,16.886091666666665,29.170628333333337,26.85917,18.795334,8.933836,163,0.12804399057344856,0.056559308719560095,0.046347211311861744,0.02513747054202671,0.0,0.44171779141104295,0.3619631901840491,0.19631901840490798,0.0,57,3,443.0,canon,443.0,False,2.873589164785553,46.117992,42.65985,0.7598837,0.8214823,0.22180895206895956,0.21003880598714905,0.38179110398734734,0.40318589837092295,0.10694358936591186,0.09424420759839434,0.43337998646447956,0.4917778237296291,3.9329359617410558,3.737929726691645,0.7306473313421191,0.7687648979235627,36.4375,37.61395348837209,1.5643224699828473,1.5153950785210832
용산구,이촌제1동,이촌1동,37.517277,126.97096,True,2013,1726,1726,1714,10,779,1147,77,1825,188,47.04238,42.332573,78.83024978637695,0.20683661645422943,24.468096,18.536415,55.628475189208984,22.574285650830436,21.662275,32.311191666666666,20.544382,19.801168,7.3136764,286,0.14207650273224043,0.030799801291604572,0.061599602583209144,0.04967709885742673,0.0,0.21678321678321677,0.43356643356643354,0.34965034965034963,0.0,23,2,494.0,canon,494.0,False,4.074898785425101,46.117992,42.65985,1.020044,1.102732,0.22180895206895956,0.21003880598714905,0.9324989569849494,0.9847542956746976,0.10694358936591186,0.09424420759839434,0.57600088933282,0.6536168551143787,3.9329359617410558,3.737929726691645,1.0360958899572827,1.0901485804634694,36.4375,37.61395348837209,0.6312178387650086,0.6114752071225424
용산구,이촌제2동,이촌2동,37.52333,126.95394,True,621,520,520,512,4,192,385,40,497,124,39.301796,32.315308,71.20696868896486,0.16153846153846155,18.576105,9.955975,47.54349403381348,20.725690064102565,19.607583333333334,31.68563166666667,22.802877,21.005764,8.36884,100,0.1610305958132045,0.02576489533011272,0.08051529790660225,0.05475040257648953,0.0,0.16,0.5,0.34,0.0,47,2,289.0,canon,289.0,False,2.14878892733564,46.117992,42.65985,0.8522009,0.921283,0.22180895206895956,0.21003880598714905,0.7282774659529515,0.7690886490201485,0.10694358936591186,0.09424420759839434,0.7528763377402256,0.8543262228879306,3.9329359617410558,3.737929726691645,0.546357466340337,0.5748607075172286,36.4375,37.61395348837209,1.2898799313893654,1.2495362928156302
용산구,이태원제1동,이태원1동,37.533394,126.99325,True,914,652,652,648,84,275,492,63,698,216,49.409794,39.661583,90.7332649230957,0.26380368098159507,24.827469,13.429951,59.42712287902832,24.58232520449898,23.061833333333333,36.68217333333333,29.994251,21.923939,10.724693,262,0.28665207877461707,0.02954048140043764,0.1936542669584245,0.06345733041575492,0.0,0.10305343511450382,0.6755725190839694,0.22137404580152673,0.0,13,1,196.0,canon,196.0,False,4.663265306122449,46.117992,42.65985,1.0713778,1.1582271,0.22180895206895956,0.21003880598714905,1.1893283770601806,1.255975912364192,0.10694358936591186,0.09424420759839434,1.8108076239691984,2.0548134669840845,3.9329359617410558,3.737929726691645,1.185695712181921,1.2475529630274236,36.4375,37.61395348837209,0.3567753001715266,0.3456164214170892
용산구,이태원제2동,이태원2동,37.54166,126.992134,True,397,245,245,244,13,305,48,31,356,41,52.361244,49.044334,89.00799865722657,0.2938775510204082,28.558474,23.96255,62.008680725097655,23.802771564625854,23.366899999999998,33.750206666666664,14.322161,19.329273,4.805127,152,0.3828715365239295,0.18639798488664988,0.14105793450881612,0.055415617128463476,0.0,0.4868421052631579,0.3684210526315789,0.14473684210526316,0.0,13,1,299.0,canon,299.0,False,1.3277591973244147,46.117992,42.65985,1.1353756,1.2274127,0.22180895206895956,0.21003880598714905,1.324912940975632,1.3991583585672673,0.10694358936591186,0.09424420759839434,1.3189938297861,1.4967278955743415,3.9329359617410558,3.737929726691645,0.3376000042310972,0.35521245566582216,36.4375,37.61395348837209,0.3567753001715266,0.3456164214170892
용산구,청파동,청파동,37.547855,126.96716,True,2099,1754,1754,1746,66,411,1413,209,1740,359,42.452747,34.826134,78.2549659729004,0.1750285062713797,20.909077,10.735383,55.5653621673584,21.54367110414291,20.513416666666664,33.052701666666664,37.431152,18.632702,12.040643,344,0.16388756550738448,0.0266793711291091,0.09385421629347308,0.043353978084802285,0.0,0.16279069767441862,0.5726744186046512,0.26453488372093026,0.0,57,3,754.0,canon,754.0,False,2.783819628647215,46.117992,42.65985,0.9205246,0.9951452,0.22180895206895956,0.21003880598714905,0.7890957720090757,0.8333150888416714,0.10694358936591186,0.09424420759839434,0.877604883564802,0.9958619069027229,3.9329359617410558,3.737929726691645,0.7078222619762303,0.7447490542073698,36.4375,37.61395348837209,1.5643224699828473,1.5153950785210832
용산구,한강로동,한강로동,37.529186,126.96786,True,4704,3612,3612,3587,165,513,2652,1374,3356,1348,52.00885,41.06006,100.35409774780274,0.29374307862679955,28.44431,15.682108,73.67239990234376,23.564540453119236,22.233249999999998,36.69258333333333,32.09164,22.698784,12.425517,1092,0.23214285714285715,0.04081632653061224,0.1360544217687075,0.055272108843537414,0.0,0.17582417582417584,0.5860805860805861,0.23809523809523808,0.0,47,2,460.0,canon,460.0,False,10.226086956521739,46.117992,42.65985,1.1277344,1.2191522,0.22180895206895956,0.21003880598714905,1.3243066877457494,1.398518132143504,0.10694358936591186,0.09424420759839434,1.2722073625487895,1.4436369643902176,3.9329359617410558,3.737929726691645,2.600115297070536,2.735762227818181,36.4375,37.61395348837209,1.2898799313893654,1.2495362928156302
용산구,한남동,한남동,37.5371,127.0058,True,2836,2403,2403,2398,32,204,2424,176,2661,175,45.330727,35.187668,93.80979766845707,0.21930919683728672,23.180487,10.756217,67.0636428833008,22.150239915383548,21.31593333333333,33.27289,30.643137,20.318838,10.799102,431,0.1519746121297602,0.028913963328631876,0.08603667136812412,0.03702397743300423,0.0,0.1902552204176334,0.5661252900232019,0.24361948955916474,0.0,0,0,348.0,canon,348.0,False,8.149425287356323,46.117992,42.65985,0.9829293,1.0626086,0.22180895206895956,0.21003880598714905,0.9887301427270813,1.0441365623203214,0.10694358936591186,0.09424420759839434,0.8045051777133283,0.9129120352388632,3.9329359617410558,3.737929726691645,2.0720971220056903,2.180197564754432,36.4375,37.61395348837209,0.0,0.0
용산구,효창동,효창동,37.543053,126.96131,True,1607,1369,1369,1361,3,125,1437,42,1529,78,42.064194,33.115784,83.03966827392578,0.18261504747991233,22.821945,10.9136,63.104592132568364,19.242249768687607,18.109266666666667,29.694760000000002,27.657063,15.175065,7.069178,236,0.14685749844430618,0.01804604853764779,0.0821406347230865,0.04667081518357187,0.0,0.1228813559322034,0.559322033898305,0.3177966101694915,0.0,57,3,339.0,canon,339.0,False,4.740412979351032,46.117992,42.65985,0.9120994,0.9860371,0.22180895206895956,0.21003880598714905,0.8232988153838715,0.8694348009723756,0.10694358936591186,0.09424420759839434,0.7680744139046891,0.8715722357507089,3.9329359617410558,3.737929726691645,1.2053115091282895,1.2681921079203011,36.4375,37.61395348837209,1.5643224699828473,1.5153950785210832
용산구,후암동,후암동,37.54994,126.98059,True,1608,1393,1393,1384,9,701,751,147,1118,490,46.43054,37.57683,87.1630661010742,0.21105527638190955,21.619446,10.748266,58.88916091918945,24.81109185211773,23.708666666666666,36.12436666666667,29.61867,18.932808,9.853408,214,0.13308457711442787,0.025497512437810944,0.07835820895522388,0.029228855721393034,0.0,0.19158878504672897,0.5887850467289719,0.21962616822429906,0.0,49,4,673.0,canon,673.0,False,2.389301634472511,46.117992,42.65985,1.006777,1.0883896,0.22180895206895956,0.21003880598714905,0.9515182972249617,1.0048394409308472,0.10694358936591186,0.09424420759839434,0.7327059940649464,0.8314379307971271,3.9329359617410558,3.737929726691645,0.6075109428974279,0.6392045354440696,36.4375,37.61395348837209,1.3447684391080617,1.3027080499567207
은평구,갈현제1동,갈현1동,37.62535,126.91489,True,843,641,641,641,19,239,506,79,649,194,42.754536,34.358116,79.70233154296875,0.23868954758190328,23.692122,11.686116,59.10049819946289,19.062414950598022,17.50316666666667,31.01395,26.261253,16.527779,8.187307,202,0.23962040332147094,0.07947805456702253,0.10201660735468565,0.05812574139976275,0.0,0.3316831683168317,0.42574257425742573,0.24257425742574257,0.0,22,2,687.0,canon,687.0,False,1.2270742358078603,39.98159,42.65985,1.0693556,1.0022196,0.18781271247670228,0.21003880598714905,1.27089132803783,1.136406896145216,0.10614601862698045,0.09424420759839434,0.9610968802625898,1.0824708483879675,3.156114348796728,3.737929726691645,0.38879270526927634,0.3282764325518541,28.75,37.61395348837209,0.7652173913043478,0.584889328551997
은평구,갈현제2동,갈현2동,37.618282,126.912125,True,2794,2224,2224,2217,15,1040,1600,139,2414,380,41.295284,34.93411,77.47128372192384,0.2185251798561151,23.906277,14.346609,59.57916793823243,17.38900632494005,15.909883333333333,28.099151666666668,26.802511,17.193346,9.149894,569,0.2036506800286328,0.029706513958482464,0.11739441660701504,0.05654974946313529,0.0,0.14586994727592267,0.5764499121265377,0.27768014059753954,0.0,24,2,1251.0,canon,1251.0,False,2.2334132693844926,39.98159,42.65985,1.0328574,0.96801287,0.18781271247670228,0.21003880598714905,1.1635270955538892,1.0404038378959615,0.10614601862698045,0.09424420759839434,1.1059709834201492,1.2456406563178013,3.156114348796728,3.737929726691645,0.7076464990046967,0.5975000689382235,28.75,37.61395348837209,0.8347826086956521,0.6380610856930877
은평구,구산동,구산동,37.611065,126.907646,True,9115,7641,7641,7615,35,1590,7136,354,8255,860,36.726204,30.087217,70.34766387939453,0.15730925271561313,20.891726,10.83555,52.80778503417969,15.834480853291454,14.806216666666668,26.9101,22.402143,15.581098,6.255312,1470,0.16127262753702687,0.026330224904004388,0.1015907844212836,0.03335161821173889,0.0,0.16326530612244897,0.6299319727891156,0.20680272108843537,0.0,24,2,2100.0,canon,2100.0,False,4.34047619047619,39.98159,42.65985,0.91857785,0.8609079,0.18781271247670228,0.21003880598714905,0.837585755730603,0.7489532802106954,0.10614601862698045,0.09424420759839434,0.9570852089921064,1.077952555494927,3.156114348796728,3.737929726691645,1.3752594839065324,1.1611979111008717,28.75,37.61395348837209,0.8347826086956521,0.6380610856930877
은평구,녹번동,녹번동,37.605415,126.93505,True,4669,3705,3705,3691,72,1050,2929,618,3862,807,41.041206,32.49428,79.99087982177734,0.20026990553306342,23.149029,11.759,59.80012893676756,17.89218165092218,16.658833333333334,28.44267,23.629026,17.800692,7.6043878,959,0.20539730134932532,0.025058899121867637,0.11822660098522167,0.062111801242236024,0.0,0.12200208550573514,0.5755995828988529,0.3023983315954119,0.0,24,2,1630.0,canon,1630.0,False,2.8644171779141105,39.98159,42.65985,1.0265026,0.96205693,0.18781271247670228,0.21003880598714905,1.0663277415681136,0.9534900210074355,0.10614601862698045,0.09424420759839434,1.1138109795779993,1.25447074147012,3.156114348796728,3.737929726691645,0.9075771221680142,0.7663111367396785,28.75,37.61395348837209,0.8347826086956521,0.6380610856930877
은평구,대조동,대조동,37.612278,126.923096,True,2783,2133,2133,2117,14,942,1565,262,2175,608,38.590153,30.58345,76.07265014648438,0.18518518518518517,20.772781,10.208667,53.913223266601555,17.817369385841538,17.005216666666666,27.84538,23.813623,16.657051,7.2099314,649,0.23320158102766797,0.08911246855910887,0.11067193675889328,0.033417175709665826,0.0,0.38212634822804314,0.4745762711864407,0.14329738058551617,0.0,24,2,1242.0,canon,1242.0,False,2.240740740740741,39.98159,42.65985,0.96519804,0.9046012,0.18781271247670228,0.21003880598714905,0.9860098538758763,0.8816712907638385,0.10614601862698045,0.09424420759839434,1.04263860473013,1.174310226369592,3.156114348796728,3.737929726691645,0.7099681738701976,0.599460371001669,28.75,37.61395348837209,0.8347826086956521,0.6380610856930877
은평구,불광제1동,불광1동,37.617313,126.93927,True,2563,2137,2137,2123,42,884,1468,169,1876,687,41.73357,34.1755,80.70800933837891,0.2110435189518016,21.758234,10.679334,57.493447875976585,19.975336195601308,19.35295,29.93879666666667,26.828785,16.635658,8.33643,424,0.16543113538821694,0.04291845493562232,0.09403043308622708,0.02848224736636754,0.0,0.25943396226415094,0.5683962264150944,0.1721698113207547,0.0,10,1,1438.0,canon,1438.0,False,1.782336578581363,39.98159,42.65985,1.0438197,0.9782868,0.18781271247670228,0.21003880598714905,1.1236913421288297,1.0047834635125188,0.10614601862698045,0.09424420759839434,0.8858592559808569,0.9977316960096028,3.156114348796728,3.737929726691645,0.5647249692524229,0.476824528255342,28.75,37.61395348837209,0.34782608695652173,0.26585878570545324
은평구,불광제2동,불광2동,37.624374,126.92865,True,1925,1487,1487,1478,13,565,1224,123,1602,323,36.214413,27.525167,74.62754364013672,0.1472763954270343,19.190487,9.2715,57.54888000488287,17.023925902264068,16.10695,25.461633333333335,25.608545,15.493387,7.3324766,438,0.22753246753246756,0.06857142857142857,0.12935064935064935,0.02961038961038961,0.0,0.3013698630136986,0.5684931506849316,0.13013698630136986,0.0,10,1,1454.0,canon,1454.0,False,1.3239339752407153,39.98159,42.65985,0.9057772,0.8489109,0.18781271247670228,0.21003880598714905,0.7841662765256296,0.7011865961380737,0.10614601862698045,0.09424420759839434,1.2186104672019296,1.3725050339629905,3.156114348796728,3.737929726691645,0.4194822585390376,0.3541891025363119,28.75,37.61395348837209,0.34782608695652173,0.26585878570545324
은평구,수색동,수색동,37.58577,126.8949,True,2471,2064,2064,2054,33,753,1317,368,1939,532,42.012886,33.966393,76.09291915893556,0.19089147286821706,22.854963,12.793892,55.66698341369629,19.157922682493542,18.009058333333336,28.417571666666667,30.118853,19.254253,10.388471,407,0.16471064346418454,0.026709834075273168,0.09469850263051396,0.04330230675839741,0.0,0.16216216216216217,0.5749385749385749,0.2628992628992629,0.0,54,3,829.0,canon,829.0,False,2.9806996381182147,39.98159,42.65985,1.0508058,0.9848343,0.18781271247670228,0.21003880598714905,1.016392715652284,0.9088390689094686,0.10614601862698045,0.09424420759839434,0.8921531288262872,1.0048204026931344,3.156114348796728,3.737929726691645,0.9444206732416427,0.7974199238775853,28.75,37.61395348837209,1.8782608695652174,1.4356374428094474
은평구,신사제1동,신사1동,37.598995,126.908844,True,3849,3287,3287,3263,15,1531,2080,223,3182,667,35.986504,30.109716,66.08869781494141,0.1335564344386979,19.639753,10.8175,46.56482925415041,16.34675107494169,15.4574,26.063133333333333,22.061918,15.457129,6.1625953,559,0.1452325279293323,0.027799428422967003,0.09015328656793972,0.027279812938425563,0.0,0.19141323792486584,0.6207513416815742,0.18783542039355994,0.0,24,2,1242.0,canon,1242.0,False,3.0990338164251208,39.98159,42.65985,0.90007687,0.84356844,0.18781271247670228,0.21003880598714905,0.7111149861874514,0.635865519283467,0.10614601862698045,0.09424420759839434,0.8493327185898271,0.9565923345879528,3.156114348796728,3.737929726691645,0.9819143015545779,0.8290776025818987,28.75,37.61395348837209,0.8347826086956521,0.6380610856930877
은평구,신사제2동,신사2동,37.59289,126.90629,True,1195,968,968,960,3,406,695,91,937,258,39.2962,30.071774,80.45711517333986,0.1859504132231405,21.969378,10.536775,60.4144313812256,17.326823398760332,16.408583333333333,26.62351666666667,23.101055,16.01487,6.8275905,226,0.1891213389121339,0.027615062761506277,0.11882845188284519,0.042677824267782424,0.0,0.14601769911504425,0.6283185840707964,0.22566371681415928,0.0,54,3,895.0,canon,895.0,False,1.335195530726257,39.98159,42.65985,0.98285735,0.9211518,0.18781271247670228,0.21003880598714905,0.9900842747596609,0.8853145605603834,0.10614601862698045,0.09424420759839434,1.119481007577246,1.2608568198611465,3.156114348796728,3.737929726691645,0.4230504294736031,0.3572018813494409,28.75,37.61395348837209,1.8782608695652174,1.4356374428094474
은평구,역촌동,역촌동,37.60457,126.91453,True,11859,9647,9647,9606,48,2242,7670,1899,10341,1518,38.772583,32.035885,72.76658782958984,0.1725925158080232,22.335554,12.855117,55.63749618530272,16.437026341522408,15.357666666666667,26.950979999999994,23.53005,16.81692,7.620144,2208,0.18618770554009612,0.025887511594569524,0.1058267982123282,0.05447339573319841,0.0,0.13903985507246377,0.5683876811594203,0.29257246376811596,0.0,24,2,2160.0,canon,2160.0,False,5.490277777777778,39.98159,42.65985,0.9697609,0.9088776,0.18781271247670228,0.21003880598714905,0.9189607749764697,0.8217172774186454,0.10614601862698045,0.09424420759839434,0.9969926294101142,1.1228997612595046,3.156114348796728,3.737929726691645,1.7395687136212135,1.4688017644026432,28.75,37.61395348837209,0.8347826086956521,0.6380610856930877
은평구,응암제1동,응암1동,37.598255,126.9269,True,4204,3589,3589,3566,16,2148,1781,259,3442,762,40.48977,34.64505,70.37086181640629,0.18640289774310392,22.590958,15.254,50.99390258789064,17.898813090925977,17.0665,27.212576666666667,23.413153,16.78914,7.2538815,612,0.1455756422454805,0.029019980970504282,0.08468125594671741,0.031874405328258804,0.0,0.19934640522875818,0.5816993464052288,0.21895424836601307,0.0,24,2,1314.0,canon,1314.0,False,3.199391171993912,39.98159,42.65985,1.0127103,0.9491306,0.18781271247670228,0.21003880598714905,0.9924935074148762,0.8874688506585242,0.10614601862698045,0.09424420759839434,0.797780802728977,0.8985300858761758,3.156114348796728,3.737929726691645,1.013712058060787,0.8559259820075908,28.75,37.61395348837209,0.8347826086956521,0.6380610856930877
은평구,응암제2동,응암2동,37.591885,126.92303,True,3178,2555,2555,2545,29,1367,1598,184,2722,456,39.33097,33.2815,69.59018402099608,0.16634050880626222,19.699223,10.859616,47.492495727539065,19.631749008480103,19.109383333333334,28.44708333333333,24.854654,16.678976,7.5282807,622,0.1957205789804909,0.029893014474512272,0.13058527375707993,0.03524229074889868,0.0,0.1527331189710611,0.6672025723472669,0.18006430868167203,0.0,24,2,955.0,canon,955.0,False,3.3277486910994765,39.98159,42.65985,0.98372704,0.9219669,0.18781271247670228,0.21003880598714905,0.8856722562211883,0.7919513159698668,0.10614601862698045,0.09424420759839434,1.2302418446421828,1.3856053022754125,3.156114348796728,3.737929726691645,1.0543815348034473,0.8902651827124609,28.75,37.61395348837209,0.8347826086956521,0.6380610856930877
은평구,응암제3동,응암3동,37.588654,126.91775,True,1974,1546,1546,1539,10,485,1332,147,1629,345,36.955986,29.751366,70.50736618041992,0.1448900388098318,19.051908,9.663417,50.304033279418945,17.904077393272964,17.008666666666667,27.364108333333334,22.238058,16.661024,6.759651,427,0.21631205673758863,0.044072948328267476,0.13779128672745694,0.034447821681864235,0.0,0.20374707259953162,0.6370023419203747,0.1592505854800937,0.0,54,3,1317.0,canon,1317.0,False,1.498861047835991,39.98159,42.65985,0.92432505,0.8662943,0.18781271247670228,0.21003880598714905,0.7714602323727425,0.6898250926959503,0.10614601862698045,0.09424420759839434,1.2981295813994178,1.4620663724462628,3.156114348796728,3.737929726691645,0.47490707946226135,0.40098695198387213,28.75,37.61395348837209,1.8782608695652174,1.4356374428094474
은평구,증산동,증산동,37.583782,126.90581,True,5209,4487,4487,4452,40,948,3341,880,4506,703,44.028103,34.185116,85.08211975097659,0.2335636282594161,25.037872,13.36455,63.698538970947276,18.99023236386598,17.954166666666666,29.06231,24.567293,20.336132,8.878974,718,0.13783835669034364,0.017853714724515263,0.0800537531196007,0.03993088884622768,0.0,0.12952646239554316,0.5807799442896936,0.28969359331476324,0.0,54,3,643.0,canon,643.0,False,8.10108864696734,39.98159,42.65985,1.1012094,1.0320735,0.18781271247670228,0.21003880598714905,1.2435986104422463,1.1120022662560098,0.10614601862698045,0.09424420759839434,0.754185170156278,0.8494288949909382,3.156114348796728,3.737929726691645,2.5667918686329885,2.167266171196168,28.75,37.61395348837209,1.8782608695652174,1.4356374428094474
은평구,진관동,진관동,37.63928,126.94052,True,10590,8937,8937,8885,102,2945,6469,1074,8740,1850,44.477062,35.5931,86.32555084228517,0.23251650441982769,25.14033,13.80945,63.59601287841798,19.336733948752375,18.555616666666666,30.433876666666688,29.0345,18.086206,9.417665,1648,0.15561850802644006,0.03210576015108593,0.08243626062322947,0.04107648725212465,0.0,0.20631067961165048,0.5297330097087378,0.26395631067961167,0.0,10,1,1942.0,canon,1942.0,False,5.453141091658084,39.98159,42.65985,1.1124386,1.0425977,0.18781271247670228,0.21003880598714905,1.2380232485523088,1.1070168835089165,0.10614601862698045,0.09424420759839434,0.776630736503909,0.8747090428572286,3.156114348796728,3.737929726691645,1.7278021291393006,1.4588666696215644,28.75,37.61395348837209,0.34782608695652173,0.26585878570545324
종로구,가회동,가회동,37.582676,126.98662,True,356,290,290,290,1,137,165,53,248,108,56.018658,50.515533,99.77344207763672,0.33448275862068966,36.091133,33.01886,71.621297454834,19.92752735632184,17.504358333333336,33.73003500000001,28.41284,17.945976,9.137982,66,0.1853932584269663,0.019662921348314606,0.11797752808988764,0.047752808988764044,0.0,0.10606060606060606,0.6363636363636364,0.25757575757575757,0.0,72,3,155.0,canon,155.0,False,2.296774193548387,46.51562,42.65985,1.2042978,1.3131471,0.24094091169910795,0.21003880598714905,1.3882356311426212,1.5924807658693059,0.127670736861733,0.09424420759839434,0.9240765032762122,1.2518278958069105,8.609473131921797,3.737929726691645,0.2667729091380187,0.6144508756137609,65.41176470588235,37.61395348837209,1.1007194244604317,1.9141832570792632
종로구,교남동,교남동,37.571053,126.964165,True,3200,2596,2596,2582,16,182,2716,286,2904,296,48.801483,33.747574,107.21847534179688,0.2727272727272727,28.599937,11.125559,82.0527229309082,20.201543753210068,18.7638,31.988249999999997,28.987698,15.665542,8.026523,603,0.1884375,0.0571875,0.093125,0.038125,0.0,0.3034825870646766,0.494195688225539,0.2023217247097844,0.0,66,3,340.0,canon,340.0,False,9.411764705882353,46.51562,42.65985,1.0491418,1.1439675,0.24094091169910795,0.21003880598714905,1.1319259597882665,1.2984613554885622,0.127670736861733,0.09424420759839434,0.7294153874967768,0.9881243884699666,8.609473131921797,3.737929726691645,1.093187069831934,2.51790841295791,65.41176470588235,37.61395348837209,1.0089928057553958,1.7546679856559912
종로구,명륜3가동,명륜3가동,37.58747,126.99769,True,298,229,229,228,7,96,177,18,231,67,45.23411,39.795784,81.60637969970703,0.2183406113537118,22.336117,13.361217,57.88200225830079,22.89799192139738,22.125383333333332,35.25826666666667,35.439938,16.317514,9.614732,69,0.23154362416107382,0.040268456375838924,0.14429530201342283,0.04697986577181208,0.0,0.17391304347826086,0.6231884057971014,0.2028985507246377,0.0,83,4,,,,False,,46.51562,42.65985,0.9724499,1.0603439,0.24094091169910795,0.21003880598714905,0.9061998222467927,1.0395251026473207,0.127670736861733,0.09424420759839434,1.1302143745727276,1.5310787335420413,8.609473131921797,3.737929726691645,,,65.41176470588235,37.61395348837209,1.268884892086331,2.2066279213552615
종로구,무악동,무악동,37.57774,126.95899,True,1351,1094,1094,1089,10,831,471,39,1158,193,38.64306,34.034584,63.54972038269045,0.11791590493601463,19.01968,11.714392,42.64472885131838,19.62338180987203,18.461916666666667,29.282605000000007,29.044876,19.25123,10.217744,257,0.1902294596595115,0.014063656550703183,0.13471502590673576,0.04145077720207254,0.0,0.07392996108949416,0.708171206225681,0.2178988326848249,0.0,20,2,305.0,canon,305.0,False,4.4295081967213115,46.51562,42.65985,0.83075446,0.9058414,0.24094091169910795,0.21003880598714905,0.4893976041863346,0.5614005677752194,0.127670736861733,0.09424420759839434,1.0551754397143622,1.429424994274459,8.609473131921797,3.737929726691645,0.5144923654268448,1.1850164450902523,65.41176470588235,37.61395348837209,0.3057553956834533,0.5317175714109065
종로구,부암동,부암동,37.5967,126.962555,True,992,666,666,664,5,420,491,76,811,181,50.05161,40.98989,93.60272216796875,0.2627627627627628,27.206245,15.398283,69.70328521728516,22.845362737737737,22.011608333333335,33.53078333333333,28.119976,17.736565,8.693202,326,0.32862903225806456,0.014112903225806451,0.2368951612903226,0.07762096774193548,0.0,0.04294478527607362,0.7208588957055214,0.2361963190184049,0.0,10,1,304.0,canon,304.0,False,3.263157894736842,46.51562,42.65985,1.0760173,1.173272,0.24094091169910795,0.21003880598714905,1.0905693056018084,1.2510200747324738,0.127670736861733,0.09424420759839434,1.8555165193953513,2.513630994700608,8.609473131921797,3.737929726691645,0.3790194643430455,0.872985351071591,65.41176470588235,37.61395348837209,0.15287769784172664,0.26585878570545324
종로구,사직동,사직동,37.57411,126.970146,True,2857,2064,2064,2037,55,98,2172,532,1831,1026,47.046314,36.0853,96.81046676635742,0.2437015503875969,24.850311,12.221975,68.31677780151368,22.196004312015504,21.057116666666666,34.224536666666665,34.451317,18.627861,10.8207445,791,0.2768638431921596,0.025551277563878195,0.20441022051102556,0.04690234511725586,0.0,0.0922882427307206,0.7383059418457648,0.16940581542351454,0.0,66,3,257.0,canon,257.0,False,11.116731517509727,46.51562,42.65985,1.0114089,1.1028242,0.24094091169910795,0.21003880598714905,1.011457741522687,1.1602691666534586,0.127670736861733,0.09424420759839434,1.6010733981460543,2.1689420041822087,8.609473131921797,3.737929726691645,1.291220885084319,2.9740343800815348,65.41176470588235,37.61395348837209,1.0089928057553958,1.7546679856559912
종로구,삼청동,삼청동,37.588013,126.98112,True,505,391,391,389,4,56,386,59,391,114,53.015156,42.090168,104.29537963867188,0.309462915601023,29.609077,15.818883,73.3375473022461,23.406078388746803,22.711266666666667,34.86666666666667,37.241215,17.225973,11.099892,114,0.22574257425742572,0.047524752475247525,0.13465346534653466,0.04356435643564356,0.0,0.21052631578947367,0.5964912280701754,0.19298245614035087,0.0,56,2,92.0,canon,92.0,False,5.489130434782608,46.51562,42.65985,1.139728,1.2427412,0.24094091169910795,0.21003880598714905,1.2843933951220654,1.473360668504072,0.127670736861733,0.09424420759839434,1.0546932574875316,1.4287717916875857,8.609473131921797,3.737929726691645,0.6375686816920619,1.4684948182910091,65.41176470588235,37.61395348837209,0.8561151079136692,1.488809199950538
종로구,숭인제1동,숭인1동,37.577225,127.01686,True,443,359,359,350,7,77,249,110,311,132,49.33547,36.595833,99.92218780517578,0.27019498607242337,29.061203,15.821834,76.03849792480469,20.274269591457752,19.215666666666667,31.536176666666666,37.968422,18.261074,12.047197,83,0.18735891647855532,0.05191873589164785,0.0835214446952596,0.05191873589164785,0.0,0.27710843373493976,0.4457831325301205,0.27710843373493976,0.0,83,4,295.0,canon,295.0,False,1.5016949152542374,46.51562,42.65985,1.0606215,1.1564847,0.24094091169910795,0.21003880598714905,1.1214159694466854,1.286405075493311,0.127670736861733,0.09424420759839434,0.6541941148637143,0.8862236398779225,8.609473131921797,3.737929726691645,0.17442355557000624,0.4017450902115682,65.41176470588235,37.61395348837209,1.268884892086331,2.2066279213552615
종로구,숭인제2동,숭인2동,37.574306,127.02064,True,1069,918,918,909,6,184,763,116,737,332,36.77567,28.684658,68.68108215332036,0.12636165577342048,18.183783,9.226667,48.195643234252934,18.59188322440087,17.013883333333332,29.213401666666677,37.534782,18.358437,12.414004,150,0.1403180542563143,0.02806361085126286,0.07670720299345182,0.03554724041159962,0.0,0.2,0.5466666666666666,0.25333333333333335,0.0,83,4,404.0,canon,404.0,False,2.646039603960396,46.51562,42.65985,0.790609,0.86206746,0.24094091169910795,0.21003880598714905,0.5244508078031329,0.6016109984035605,0.127670736861733,0.09424420759839434,0.6008205551169136,0.8139195495210328,8.609473131921797,3.737929726691645,0.3073404798894761,0.7078890716071178,65.41176470588235,37.61395348837209,1.268884892086331,2.2066279213552615
종로구,이화동,이화동,37.57969,127.00307,True,15718,12782,12782,12629,210,739,11421,3348,14384,1334,49.31401,37.29,100.57869720458983,0.2936160225316852,28.452497,13.833225,74.76995849609374,20.86151532363219,20.26085833333333,33.92124,42.681324,16.069448,11.921843,2934,0.18666497009797686,0.034419137294821225,0.10383000381727955,0.04841582898587606,0.0,0.18438991138377642,0.556237218813906,0.25937286980231766,0.0,93,5,283.0,canon,283.0,False,55.540636042402824,46.51562,42.65985,1.0601602,1.1559818,0.24094091169910795,0.21003880598714905,1.218622526415767,1.397913214902058,0.127670736861733,0.09424420759839434,0.8132639191213185,1.1017123116970058,8.609473131921797,3.737929726691645,6.451107424503351,14.858662442421183,65.41176470588235,37.61395348837209,1.4217625899280577,2.472486707060715
종로구,종로1.2.3.4가동,종로1234가동,37.575077,126.98973,True,7045,5460,5460,5416,249,589,4725,1482,5640,1405,48.43139,35.40825,101.01655578613286,0.25073260073260073,25.328274,10.9552,73.82766265869147,23.103113189865688,22.009675,35.97150666666666,36.18708,17.276262,10.672809,1580,0.22427253371185238,0.029382540809084458,0.13442157558552165,0.060468417317246274,0.0,0.1310126582278481,0.5993670886075949,0.26962025316455696,0.0,72,3,351.0,canon,351.0,False,20.071225071225072,46.51562,42.65985,1.0411855,1.135292,0.24094091169910795,0.21003880598714905,1.0406393790263433,1.193744172912226,0.127670736861733,0.09424420759839434,1.0528769465088919,1.42631127165222,8.609473131921797,3.737929726691645,2.3312953956271647,5.369610061928491,65.41176470588235,37.61395348837209,1.1007194244604317,1.9141832570792632
종로구,종로5.6가동,종로56가동,37.573017,127.00424,True,1135,903,903,894,25,192,747,171,837,298,47.933685,35.376335,97.82017669677738,0.2812846068660022,27.767822,12.498167,73.63499908447267,20.165861664820966,18.910050000000002,32.17231666666667,38.922256,16.843575,11.288274,230,0.2026431718061674,0.03171806167400881,0.12158590308370044,0.04933920704845815,0.0,0.1565217391304348,0.6,0.24347826086956523,0.0,93,5,236.0,canon,236.0,False,4.809322033898305,46.51562,42.65985,1.0304857,1.1236253,0.24094091169910795,0.21003880598714905,1.1674422782017042,1.3392030370007542,0.127670736861733,0.09424420759839434,0.9523396361014004,1.2901153946969142,8.609473131921797,3.737929726691645,0.5586081703497661,1.2866271935387412,65.41176470588235,37.61395348837209,1.4217625899280577,2.472486707060715
종로구,창신제1동,창신1동,37.57226,127.01402,True,818,675,675,666,8,103,619,88,576,242,35.334984,27.15295,68.3811492919922,0.1437037037037037,17.062784,9.04295,46.50881423950196,18.27220224691358,16.758566666666667,28.515796666666667,30.381681,16.481012,8.925782,143,0.17481662591687042,0.06234718826405868,0.07701711491442542,0.035452322738386305,0.0,0.35664335664335667,0.4405594405594406,0.20279720279720279,0.0,83,4,277.0,canon,277.0,False,2.953068592057762,46.51562,42.65985,0.75963694,0.828296,0.24094091169910795,0.21003880598714905,0.5964271600464593,0.6841769216327388,0.127670736861733,0.09424420759839434,0.6032479862463292,0.8172079417614794,8.609473131921797,3.737929726691645,0.34300224262371104,0.7900278517733009,65.41176470588235,37.61395348837209,1.268884892086331,2.2066279213552615
종로구,창신제2동,창신2동,37.575756,127.010254,True,376,268,268,265,9,82,209,76,276,100,38.894123,31.322392,70.68761520385742,0.16044776119402984,19.696089,9.881109,51.66977729797368,19.19803470149254,17.388475,29.949465000000004,31.197937,15.626655,8.308438,108,0.2872340425531915,0.034574468085106384,0.17819148936170212,0.07446808510638298,0.0,0.12037037037037036,0.6203703703703703,0.25925925925925924,0.0,93,5,475.0,canon,475.0,False,0.791578947368421,46.51562,42.65985,0.83615184,0.91172665,0.24094091169910795,0.21003880598714905,0.6659216156465796,0.7638957974453855,0.127670736861733,0.09424420759839434,1.3957112940820804,1.8907420827499004,8.609473131921797,3.737929726691645,0.09194278618902266,0.21176934967930208,65.41176470588235,37.61395348837209,1.4217625899280577,2.472486707060715
종로구,창신제3동,창신3동,37.57882,127.01321,False,102,74,74,73,0,11,87,4,79,23,37.524643,32.339558,66.19989700317385,0.12162162162162163,15.344507,8.401167,47.946815109252945,22.180136486486486,20.837358333333334,32.40363333333333,31.213152,16.390184,10.048343,28,0.27450980392156865,0.06862745098039216,0.10784313725490197,0.09803921568627451,0.0,0.25,0.39285714285714285,0.35714285714285715,0.0,83,4,331.0,canon,331.0,False,0.3081570996978852,46.51562,42.65985,0.80671054,0.8796243,0.24094091169910795,0.21003880598714905,0.5047777928785513,0.5790435774476022,0.127670736861733,0.09424420759839434,0.844697382546603,1.1442945938328342,8.609473131921797,3.737929726691645,0.03579279416708031,0.08244058134571404,65.41176470588235,37.61395348837209,1.268884892086331,2.2066279213552615
종로구,청운효자동,청운효자동,37.58466,126.97042,True,2889,2288,2288,2275,4,187,2479,219,2270,619,52.585464,40.011192,107.99941482543949,0.30594405594405594,29.742853,16.41541,77.37897109985353,22.842614168123543,21.7748,33.81619833333336,33.988613,18.301737,10.208292,599,0.20733817930079612,0.024575977847005884,0.1308411214953271,0.05192107995846314,0.0,0.11853088480801335,0.6310517529215359,0.25041736227045075,0.0,56,2,413.0,canon,413.0,False,6.995157384987894,46.51562,42.65985,1.1304904,1.2326688,0.24094091169910795,0.21003880598714905,1.2697887369419656,1.4566072898108873,0.127670736861733,0.09424420759839434,1.0248325083063288,1.3883200339790034,8.609473131921797,3.737929726691645,0.8124954080002387,1.8713988481477275,65.41176470588235,37.61395348837209,0.8561151079136692,1.488809199950538
종로구,평창동,평창동,37.613964,126.96928,True,1358,1147,1147,1143,5,515,652,186,1066,292,50.633675,43.090332,91.63969421386719,0.3025283347863993,27.068426,17.124166,67.0444305419922,23.565248474280732,23.16261666666667,33.72003333333333,33.828045,20.67725,11.979245,211,0.15537555228276878,0.029455081001472753,0.08247422680412371,0.04344624447717231,0.0,0.1895734597156398,0.5308056872037915,0.2796208530805687,0.0,0,0,487.0,canon,487.0,False,2.7885010266940453,46.51562,42.65985,1.0885305,1.1869164,0.24094091169910795,0.21003880598714905,1.2556121442928838,1.4403449560883006,0.127670736861733,0.09424420759839434,0.6459916252652559,0.8751118918159256,8.609473131921797,3.737929726691645,0.32388753457571906,0.7460014581820624,65.41176470588235,37.61395348837209,0.0,0.0
종로구,혜화동,혜화동,37.58747,126.99769,True,1944,1566,1566,1559,82,684,942,236,1579,365,42.716698,36.11924,80.15283203125,0.20178799489144317,22.733809,14.263775,57.91489219665527,19.982890889740315,19.186325,32.5445,24.589478,16.00312,7.2030873,378,0.19444444444444448,0.03343621399176955,0.11574074074074074,0.04526748971193416,0.0,0.17195767195767195,0.5952380952380952,0.2328042328042328,0.0,83,4,533.0,canon,533.0,False,3.647279549718574,46.51562,42.65985,0.91833013,1.0013325,0.24094091169910795,0.21003880598714905,0.8374999225679043,0.9607176823495621,0.127670736861733,0.09424420759839434,0.9065565342987532,1.2280939454014004,8.609473131921797,3.737929726691645,0.4236356271553207,0.9757485604061092,65.41176470588235,37.61395348837209,1.268884892086331,2.2066279213552615
중구,광희동,광희동,37.565205,127.003624,True,2298,1851,1851,1834,73,132,1663,430,1948,350,47.45176,34.690666,100.75144958496094,0.255537547271745,26.610708,11.8157835,74.5893325805664,20.841047613902393,19.21216666666667,34.26433333333333,34.71339,16.057472,9.930854,446,0.19408181026979981,0.050913838120104436,0.1061792863359443,0.03698868581375109,0.0,0.2623318385650224,0.547085201793722,0.1905829596412556,0.0,72,3,202.0,canon,202.0,False,11.376237623762377,51.893253,42.65985,0.91441095,1.1123283,0.2926700508707982,0.21003880598714905,0.8731250311107313,1.216620643365206,0.11162099405499898,0.09424420759839434,0.9512483492453634,1.1266399181624962,11.661264367273192,3.737929726691645,0.9755578182147443,3.0434594696972064,70.93333333333334,37.61395348837209,1.0150375939849623,1.9141832570792632
중구,명동,명동,37.56373,126.98435,True,3283,2561,2561,2537,76,40,2357,810,2342,941,61.057613,47.368,117.56794738769531,0.38578680203045684,34.95417,20.1595,87.2257308959961,26.103442203566313,25.057166666666667,39.33221666666667,41.58131,17.622671,12.189416,722,0.21992080414255255,0.03350593968930856,0.13585135546756016,0.050563508985683826,0.0,0.1523545706371191,0.6177285318559557,0.2299168975069252,0.0,72,3,98.0,canon,98.0,False,33.5,51.893253,42.65985,1.1766002,1.4312664,0.2926700508707982,0.21003880598714905,1.318162896690669,1.8367405976115705,0.11162099405499898,0.09424420759839434,1.2170770975272105,1.4414822823538143,11.661264367273192,3.737929726691645,2.8727588145601284,8.96218025737206,70.93333333333334,37.61395348837209,1.0150375939849623,1.9141832570792632
중구,소공동,소공동,37.564297,126.97436,True,1473,1051,1051,1041,47,32,1126,268,1226,247,66.44317,56.81428,122.22711944580078,0.4814462416745956,40.922737,28.864,94.12061309814453,25.520433412622896,24.40438333333333,39.11371666666666,32.25282,16.074198,9.300052,422,0.2864901561439239,0.0373387644263408,0.16632722335369993,0.08282416836388323,0.0,0.13033175355450238,0.580568720379147,0.2890995260663507,0.0,82,4,37.0,canon,37.0,False,39.810810810810814,51.893253,42.65985,1.2803817,1.5575106,0.2926700508707982,0.21003880598714905,1.6450136945755829,2.2921775783854543,0.11162099405499898,0.09424420759839434,1.4901069889392453,1.7648535394607496,11.661264367273192,3.737929726691645,3.4139360498967886,10.650497393391726,70.93333333333334,37.61395348837209,1.1560150375939848,2.1800420427847165
중구,신당제1동,신당1동,37.564663,127.0179,True,641,495,495,493,31,55,327,228,422,219,50.081703,37.886265,96.53673095703125,0.26262626262626265,28.284506,13.411933,72.08094329833986,21.7972,21.235116666666666,33.38364000000001,28.35814,15.983526,8.792953,146,0.22776911076443057,0.06396255850234009,0.1294851794071763,0.0343213728549142,0.0,0.2808219178082192,0.5684931506849316,0.1506849315068493,0.0,72,3,,,855.0,True,7.776608187134503,51.893253,42.65985,0.9650908,1.1739775,0.2926700508707982,0.21003880598714905,0.8973458741161094,1.2503701941741714,0.11162099405499898,0.09424420759839434,1.1600432383120967,1.3739324962968054,11.661264367273192,3.737929726691645,0.6668752154319733,2.080458637732978,70.93333333333334,37.61395348837209,1.0150375939849623,1.9141832570792632
중구,신당제2동,신당2동,37.564663,127.0179,True,632,518,518,517,4,225,233,170,579,53,51.05401,43.109467,93.75781784057618,0.3301158301158301,30.22703,21.75161,70.0878692626953,20.826979247104244,19.809275,31.770555,24.92437,16.801085,7.3761525,114,0.18037974683544303,0.020569620253164556,0.13291139240506328,0.02689873417721519,0.0,0.11403508771929824,0.7368421052631579,0.14912280701754385,0.0,72,3,,,855.0,True,7.776608187134503,51.893253,42.65985,0.9838275,1.1967695,0.2926700508707982,0.21003880598714905,1.127945374436562,1.57168971021492,0.11162099405499898,0.09424420759839434,1.190738297309679,1.4102871231242409,11.661264367273192,3.737929726691645,0.6668752154319733,2.080458637732978,70.93333333333334,37.61395348837209,1.0150375939849623,1.9141832570792632
중구,신당제3동,신당3동,37.564663,127.0179,True,1373,1185,1185,1172,13,303,865,192,1061,312,43.057182,34.349567,79.33208312988283,0.1940928270042194,21.802765,10.859783,57.67278976440433,21.254420604782,19.885616666666667,32.17521333333333,21.214853,17.42689,6.99899,188,0.13692643845593588,0.037144938091769844,0.05680990531682447,0.04297159504734159,0.0,0.2712765957446808,0.4148936170212766,0.31382978723404253,0.0,72,3,,,855.0,True,7.776608187134503,51.893253,42.65985,0.82972604,1.009314,0.2926700508707982,0.21003880598714905,0.6631796674334245,0.9240807958891878,0.11162099405499898,0.09424420759839434,0.5089535870719136,0.6027946625527397,11.661264367273192,3.737929726691645,0.6668752154319733,2.080458637732978,70.93333333333334,37.61395348837209,1.0150375939849623,1.9141832570792632
중구,신당제4동,신당4동,37.564663,127.0179,True,1390,1248,1248,1236,114,613,630,33,1121,269,44.208015,40.127052,68.26256637573242,0.17227564102564102,19.336315,12.492691,43.569370269775376,24.871699799679487,24.412883333333333,35.52915,20.902134,18.344593,7.2040825,140,0.10071942446043165,0.017266187050359712,0.03884892086330935,0.04460431654676259,0.0,0.17142857142857143,0.38571428571428573,0.44285714285714284,0.0,72,3,,,855.0,True,7.776608187134503,51.893253,42.65985,0.85190296,1.0362909,0.2926700508707982,0.21003880598714905,0.5886343358777548,0.820208628667321,0.11162099405499898,0.09424420759839434,0.3480431364387181,0.4122154756593362,11.661264367273192,3.737929726691645,0.6668752154319733,2.080458637732978,70.93333333333334,37.61395348837209,1.0150375939849623,1.9141832570792632
중구,신당제5동,신당5동,37.56358,127.02202,True,1141,978,978,969,5,199,825,112,894,247,39.442196,33.57408,66.92919921875001,0.13190184049079753,18.047995,10.058059,43.40756683349611,21.394201567825494,20.186225,32.628435,27.920008,17.905819,9.364529,162,0.14198071866783524,0.013146362839614373,0.08939526730937773,0.03943908851884312,0.0,0.09259259259259259,0.6296296296296297,0.2777777777777778,0.0,72,3,475.0,canon,855.0,True,7.776608187134503,51.893253,42.65985,0.76006407,0.92457414,0.2926700508707982,0.21003880598714905,0.4506844485738883,0.627987956182096,0.11162099405499898,0.09424420759839434,0.800882200218805,0.9485491956208115,11.661264367273192,3.737929726691645,0.6668752154319733,2.080458637732978,70.93333333333334,37.61395348837209,1.0150375939849623,1.9141832570792632
중구,신당제6동,신당6동,37.564663,127.0179,True,1472,1235,1235,1225,12,568,802,90,1271,201,48.494747,39.74155,90.15891723632814,0.27125506072874495,24.671112,14.384566,62.618457031250024,23.823634615384616,22.76745,35.38418333333335,29.917233,15.801042,8.668792,235,0.15964673913043478,0.035326086956521736,0.058423913043478264,0.06589673913043478,0.0,0.22127659574468084,0.3659574468085106,0.4127659574468085,0.0,72,3,,,855.0,True,7.776608187134503,51.893253,42.65985,0.9345097,1.1367773,0.2926700508707982,0.21003880598714905,0.9268288980087439,1.2914521174022544,0.11162099405499898,0.09424420759839434,0.5234133017547852,0.6199204654830547,11.661264367273192,3.737929726691645,0.6668752154319733,2.080458637732978,70.93333333333334,37.61395348837209,1.0150375939849623,1.9141832570792632
중구,을지로동,을지로동,37.56664,126.99649,True,579,428,428,424,19,18,398,144,336,243,50.55322,40.280777,97.64974899291994,0.27102803738317754,28.000072,17.284698,71.7216033935547,22.55314684579439,21.17008333333333,36.57965166666667,35.722294,17.847609,11.131319,151,0.2607944732297064,0.027633851468048358,0.18134715025906736,0.05181347150259067,0.0,0.10596026490066225,0.695364238410596,0.1986754966887417,0.0,72,3,87.0,canon,87.0,False,6.655172413793103,51.893253,42.65985,0.9741771,1.1850303,0.2926700508707982,0.21003880598714905,0.9260532007862508,1.2903712535852068,0.11162099405499898,0.09424420759839434,1.6246688339803912,1.9242259538310025,11.661264367273192,3.737929726691645,0.5707076183325833,1.7804434273523495,70.93333333333334,37.61395348837209,1.0150375939849623,1.9141832570792632
중구,장충동,장충동,37.55561,127.00228,True,825,700,700,693,13,113,400,299,556,269,54.544262,43.574753,106.75149688720708,0.29428571428571426,29.899813,17.048634,76.42285842895508,24.644451047619047,23.697200000000002,37.27657833333333,36.231823,18.809832,11.910271,124,0.1503030303030303,0.01696969696969697,0.10545454545454545,0.027878787878787878,0.0,0.11290322580645161,0.7016129032258065,0.18548387096774194,0.0,62,2,175.0,canon,175.0,False,4.714285714285714,51.893253,42.65985,1.0510858,1.2785854,0.2926700508707982,0.21003880598714905,1.0055204261936226,1.401101634065277,0.11162099405499898,0.09424420759839434,0.9447554767572207,1.118949887126454,11.661264367273192,3.737929726691645,0.4042688310468411,1.2612023389905245,70.93333333333334,37.61395348837209,0.8740601503759398,1.6483244713738099
중구,중림동,중림동,37.55732,126.96596,True,1654,1334,1334,1322,40,501,901,212,1461,193,52.252525,41.10951,98.25423965454104,0.315592203898051,28.648712,17.018383,71.80233306884767,23.603810732133933,22.312308333333334,35.47390166666667,29.579243,16.900814,8.919819,320,0.1934703748488513,0.024788391777509067,0.11366384522370013,0.05501813784764208,0.0,0.128125,0.5875,0.284375,0.0,33,3,480.0,canon,480.0,False,3.4458333333333333,51.893253,42.65985,1.0069233,1.2248642,0.2926700508707982,0.21003880598714905,1.0783208017323642,1.5025423631353154,0.11162099405499898,0.09424420759839434,1.0183016751104597,1.2060565643255154,11.661264367273192,3.737929726691645,0.2954939725921923,0.9218561035878972,70.93333333333334,37.61395348837209,0.46522556390977443,0.8773339928279956
중구,필동,필동,37.556805,126.99385,True,832,616,616,615,24,21,646,141,744,88,72.492935,60.32031,128.70252990722656,0.5064935064935064,44.9697,33.282944,95.57058334350586,27.523238041125545,27.060408333333335,40.5787,40.62486,14.69463,9.703469,216,0.2596153846153846,0.038461538461538464,0.16706730769230768,0.054086538461538464,0.0,0.14814814814814814,0.6435185185185185,0.20833333333333334,0.0,72,3,175.0,canon,175.0,False,4.7542857142857144,51.893253,42.65985,1.3969626,1.6993246,0.2926700508707982,0.21003880598714905,1.7305956143667822,2.4114282316216156,0.11162099405499898,0.09424420759839434,1.496737321744229,1.7727063758044057,11.661264367273192,3.737929726691645,0.4076989908254203,1.2719034497455957,70.93333333333334,37.61395348837209,1.0150375939849623,1.9141832570792632
중구,황학동,황학동,37.56842,127.0208,True,1434,1244,1244,1241,15,490,663,266,1168,266,42.653267,34.664276,78.0214340209961,0.21141479099678456,23.223164,13.126942,59.3442523956299,19.43010393890675,18.509475000000002,28.8904,28.755316,16.694738,8.567946,190,0.13249651324965134,0.016736401673640166,0.08368200836820083,0.03207810320781032,0.0,0.12631578947368421,0.631578947368421,0.24210526315789474,0.0,72,3,489.0,canon,489.0,False,2.932515337423313,51.893253,42.65985,0.82194245,0.9998457,0.2926700508707982,0.21003880598714905,0.7223656481684745,1.006551098989392,0.11162099405499898,0.09424420759839434,0.7496977524404435,0.8879273379303848,11.661264367273192,3.737929726691645,0.2514749040124057,0.7845292854177904,70.93333333333334,37.61395348837209,1.0150375939849623,1.9141832570792632
중구,회현동,회현동,37.55697,126.97671,True,4804,3759,3759,3724,243,753,2735,1073,3752,1052,54.61217,42.240334,108.82891845703125,0.3061984570364459,29.286022,14.93805,79.76888580322267,25.326152478496052,24.06223333333333,38.94258,41.08416,20.640856,15.04112,1043,0.21711074104912573,0.04142381348875937,0.10886761032472939,0.06681931723563697,0.0,0.19079578139980824,0.50143815915628,0.3077660594439118,0.0,95,5,228.0,canon,228.0,False,21.07017543859649,51.893253,42.65985,1.0523944,1.2801772,0.2926700508707982,0.21003880598714905,1.0462240879290374,1.4578184997641828,0.11162099405499898,0.09424420759839434,0.9753327431494391,1.1551650026986293,11.661264367273192,3.737929726691645,1.806851707927056,5.636857024930005,70.93333333333334,37.61395348837209,1.3392857142857142,2.5256584642018054
중랑구,망우제3동,망우3동,37.59181,127.102936,True,409,365,365,361,4,52,286,67,308,101,30.022669,24.167166,52.723377990722675,0.07671232876712329,14.109737,8.825784,34.43704681396486,15.912931461187215,14.592216666666667,24.504676666666672,22.936789,16.664455,7.3669276,44,0.10757946210268948,0.012224938875305624,0.08312958435207823,0.012224938875305624,0.0,0.11363636363636363,0.7727272727272727,0.11363636363636363,0.0,74,3,915.0,canon,915.0,False,0.44699453551912566,34.990894,42.65985,0.85801375,0.70376873,0.13624537580924978,0.21003880598714905,0.5630453753859824,0.3652293127766915,0.06480341747110545,0.09424420759839434,1.282796302974979,0.8820657149171524,2.2382418216698676,3.737929726691645,0.19970788285317623,0.11958345078754334,53.3125,37.61395348837209,1.388042203985932,1.9673550142203537
중랑구,망우본동,망우본동,37.601986,127.10754,True,5452,4708,4708,4678,66,1580,3275,531,4226,1226,37.60584,28.949526,75.0526222229004,0.16185216652506373,19.947119,9.841309,55.07238349914551,17.65871921551968,16.259275,27.813100000000002,24.468416,17.3927,7.7145114,742,0.13609684519442405,0.03209831254585473,0.07556859867938372,0.02842993396918562,0.0,0.2358490566037736,0.555256064690027,0.20889487870619947,0.0,29,2,1974.0,canon,1974.0,False,2.761904761904762,34.990894,42.65985,1.0747322,0.88152766,0.13624537580924978,0.21003880598714905,1.1879461270793126,0.7705822062946142,0.06480341747110545,0.09424420759839434,1.1661205786419868,0.8018381246453516,2.2382418216698676,3.737929726691645,1.2339617351284273,0.7388862188025295,53.3125,37.61395348837209,0.5439624853458382,0.7709904785458144
중랑구,면목제2동,면목2동,37.58938,127.07814,True,1398,1266,1266,1257,29,662,610,97,1148,250,40.781967,32.36181,80.02186584472656,0.22274881516587677,23.516478,12.149834,61.3690242767334,17.26548937598736,15.907833333333333,26.559575000000002,21.026041,20.585123,7.4962454,132,0.0944206008583691,0.022889842632331903,0.055793991416309016,0.015736766809728183,0.0,0.24242424242424243,0.5909090909090909,0.16666666666666666,0.0,74,3,1245.0,canon,1245.0,False,1.1228915662650603,34.990894,42.65985,1.1655023,0.95598006,0.13624537580924978,0.21003880598714905,1.634909176497381,1.0605126710704371,0.06480341747110545,0.09424420759839434,0.8609729794140324,0.5920150727359884,2.2382418216698676,3.737929726691645,0.50168465060103,0.3004046754134422,53.3125,37.61395348837209,1.388042203985932,1.9673550142203537
중랑구,면목제3.8동,면목38동,37.584595,127.09738,True,2895,2510,2510,2498,24,834,1870,167,2411,484,38.543224,29.880808,79.81986465454102,0.17729083665338646,21.333838,10.058358,58.97078361511229,17.209387284196545,16.357008333333333,26.72014666666666,23.692678,19.170036,7.836215,385,0.13298791018998274,0.022452504317789293,0.08048359240069085,0.03005181347150259,0.0,0.16883116883116883,0.6051948051948052,0.22597402597402597,0.0,45,1,1249.0,canon,1249.0,False,2.3178542834267413,34.990894,42.65985,1.1015216,0.90350115,0.13624537580924978,0.21003880598714905,1.30126131327644,0.8440861002810774,0.06480341747110545,0.09424420759839434,1.2419652472275382,0.8539898042716639,2.2382418216698676,3.737929726691645,1.0355691958688709,0.6200903850266389,53.3125,37.61395348837209,0.8440797186400938,1.1963645356745394
중랑구,면목제4동,면목4동,37.57348,127.08647,True,2396,2124,2124,2110,19,1176,1138,63,1904,492,41.839138,33.343666,79.33924713134766,0.22551789077212805,24.319029,13.545774,60.207430648803715,17.520108301946014,16.754725,26.212685,22.51641,16.95225,6.8387413,270,0.11268781302170283,0.02921535893155259,0.06260434056761269,0.020868113522537562,0.0,0.25925925925925924,0.5555555555555556,0.18518518518518517,0.0,55,2,1169.0,canon,1169.0,False,2.0496150556030797,34.990894,42.65985,1.1957151,0.98076147,0.13624537580924978,0.21003880598714905,1.6552333569681232,1.0736963091759628,0.06480341747110545,0.09424420759839434,0.9660654177000266,0.664277860283896,2.2382418216698676,3.737929726691645,0.9157254751293761,0.548328942881745,53.3125,37.61395348837209,1.0316529894490034,1.4622233213799927
중랑구,면목제5동,면목5동,37.582973,127.079666,True,731,659,659,656,71,69,554,37,636,95,27.850895,24.82805,44.859491729736334,0.05007587253414264,11.169546,7.9643335,24.27752380371094,16.68135042994436,16.012066666666666,27.25085333333334,19.072666,17.748396,5.9625506,70,0.09575923392612859,0.03556771545827633,0.03967168262653899,0.02051983584131327,0.0,0.37142857142857144,0.4142857142857143,0.21428571428571427,0.0,45,1,603.0,canon,603.0,False,1.2122719734660032,34.990894,42.65985,0.79594696,0.6528596,0.13624537580924978,0.21003880598714905,0.36754181370714056,0.2384124795358362,0.06480341747110545,0.09424420759839434,0.6121850386089253,0.42094557997233223,2.2382418216698676,3.737929726691645,0.5416179617989503,0.32431641633320835,53.3125,37.61395348837209,0.8440797186400938,1.1963645356745394
중랑구,면목제7동,면목7동,37.577293,127.09269,True,1115,1011,1011,1003,5,124,899,87,928,187,38.759407,30.665283,77.36983489990234,0.18199802176063304,21.833645,11.70245,55.111549377441406,16.9257633366304,16.162883333333333,27.260616666666667,28.156118,16.857609,8.469325,104,0.09327354260089686,0.015246636771300448,0.054708520179372194,0.023318385650224215,0.0,0.16346153846153846,0.5865384615384616,0.25,0.0,45,1,996.0,canon,996.0,False,1.1194779116465863,34.990894,42.65985,1.1076999,0.90856874,0.13624537580924978,0.21003880598714905,1.335810633422445,0.8664971261156776,0.06480341747110545,0.09424420759839434,0.8442227634640662,0.5804974286855192,2.2382418216698676,3.737929726691645,0.500159500554496,0.29949142800964595,53.3125,37.61395348837209,0.8440797186400938,1.1963645356745394
중랑구,면목본동,면목본동,37.58834,127.08953,True,2570,2285,2285,2258,39,593,1505,433,2024,546,34.288143,26.123117,67.9717056274414,0.13435448577680525,17.137074,9.107667,47.214763641357415,17.151066360320932,16.209716666666665,26.34259333333333,21.103357,18.238903,7.211662,284,0.11050583657587548,0.021011673151750974,0.059533073929961086,0.029961089494163425,0.0,0.19014084507042253,0.5387323943661971,0.2711267605633803,0.0,74,3,1636.0,canon,1636.0,False,1.5709046454767726,34.990894,42.65985,0.97991616,0.8037568,0.13624537580924978,0.21003880598714905,0.9861214369940021,0.6396650616316375,0.06480341747110545,0.09424420759839434,0.9186718270916143,0.6316894740486455,2.2382418216698676,3.737929726691645,0.7018475976401781,0.4202606149225667,53.3125,37.61395348837209,1.388042203985932,1.9673550142203537
중랑구,묵제1동,묵1동,37.613735,127.08245,True,3474,2998,2998,2960,39,882,2043,510,2803,671,34.734745,27.951633,66.75309448242191,0.133422281521014,18.578865,9.827142,48.67236251831056,16.15587917500556,15.257141666666666,25.112181666666668,21.065903,17.146774,6.1738715,475,0.13672999424294763,0.03511801957397812,0.06966033390903857,0.03195164075993091,0.0,0.25684210526315787,0.5094736842105263,0.2336842105263158,0.0,29,2,1381.0,canon,1381.0,False,2.5155684286748734,34.990894,42.65985,0.99267954,0.8142257,0.13624537580924978,0.21003880598714905,0.9792793386823767,0.6352268138925589,0.06480341747110545,0.09424420759839434,1.07494846147734,0.7391471124239724,2.2382418216698676,3.737929726691645,1.1239037731848398,0.6729844091802509,53.3125,37.61395348837209,0.5439624853458382,0.7709904785458144
중랑구,묵제2동,묵2동,37.61037,127.07467,True,1678,1481,1481,1463,28,240,1190,220,1360,318,33.4953,26.722116,63.958282470703125,0.11613774476704929,17.29613,9.603117,45.48271560668945,16.199171764573485,15.064950000000001,25.165333333333333,24.432283,17.217936,7.879393,197,0.11740166865315854,0.029797377830750895,0.06257449344457688,0.025029797377830752,0.0,0.25380710659898476,0.5329949238578681,0.2131979695431472,0.0,29,2,898.0,canon,898.0,False,1.8685968819599108,34.990894,42.65985,0.9572576,0.7851715,0.13624537580924978,0.21003880598714905,0.8524160477170825,0.5529347028098942,0.06480341747110545,0.09424420759839434,0.9656048382398599,0.6639611604696963,2.2382418216698676,3.737929726691645,0.8348503114671592,0.49990155476083886,53.3125,37.61395348837209,0.5439624853458382,0.7709904785458144
중랑구,상봉제1동,상봉1동,37.602024,127.08947,True,3969,3490,3490,3457,53,1048,2414,454,3211,758,36.540077,28.124416,73.38230895996094,0.15530085959885387,19.67387,9.7923,54.36962814331054,16.86620963705826,15.710383333333333,26.966223333333325,22.374369,17.261427,7.2158155,478,0.12043335852859663,0.02418745275888133,0.06298815822625346,0.03325774754346183,0.0,0.200836820083682,0.5230125523012552,0.27615062761506276,0.0,74,3,1406.0,canon,1406.0,False,2.8229018492176388,34.990894,42.65985,1.0442739,0.8565449,0.13624537580924978,0.21003880598714905,1.139861508520353,0.7393912704319779,0.06480341747110545,0.09424420759839434,0.971988217355028,0.6683504464769525,2.2382418216698676,3.737929726691645,1.2612139679847365,0.7552046334793254,53.3125,37.61395348837209,1.388042203985932,1.9673550142203537
중랑구,상봉제2동,상봉2동,37.594246,127.0839,True,2953,2525,2525,2503,53,392,1876,632,2531,422,33.367638,27.138884,60.55942535400388,0.10178217821782178,15.9475975,9.252,40.31587600708007,17.420038726072605,16.010666666666665,27.764660000000003,22.742268,17.201405,7.172972,426,0.14426007450050796,0.02302742973247545,0.0836437521164917,0.037588892651540806,0.0,0.1596244131455399,0.57981220657277,0.2605633802816901,0.0,74,3,856.0,canon,856.0,False,3.449766355140187,34.990894,42.65985,0.95360917,0.78217894,0.13624537580924978,0.21003880598714905,0.7470505153901283,0.48458749200873474,0.06480341747110545,0.09424420759839434,1.2907305722539524,0.8875214111081005,2.2382418216698676,3.737929726691645,1.5412840211190615,0.9229082961368285,53.3125,37.61395348837209,1.388042203985932,1.9673550142203537
중랑구,신내1동,신내1동,37.6128,127.10451,True,10666,9519,9519,9435,122,2454,7016,1074,9155,1511,33.18921,26.063734,66.07210845947266,0.12133627481878348,16.96925,9.299167,47.381766510009776,16.219957821199703,15.1075,26.578756666666692,23.395933,18.00594,7.5972905,1142,0.10706919182448903,0.027376711044440276,0.0568160510031877,0.022876429776861055,0.0,0.25569176882662,0.5306479859894921,0.2136602451838879,0.0,29,2,1966.0,canon,1966.0,False,5.425228891149542,34.990894,42.65985,0.9485099,0.77799636,0.13624537580924978,0.21003880598714905,0.8905716916855969,0.5776850341941445,0.06480341747110545,0.09424420759839434,0.8767446721235164,0.6028598727817802,2.2382418216698676,3.737929726691645,2.423879689238397,1.451399380895073,53.3125,37.61395348837209,0.5439624853458382,0.7709904785458144
중랑구,신내2동,신내2동,37.61095,127.09161,True,4844,4316,4316,4283,30,1195,3079,540,3828,1016,33.131474,25.476833,66.8506088256836,0.12395736793327154,16.55601,9.053883,47.37314033508301,16.57546621099784,15.40675,26.713974999999998,23.457542,18.336042,7.9341345,528,0.10900082576383154,0.04087530966143683,0.046242774566473986,0.021882741535920725,0.0,0.375,0.42424242424242425,0.20075757575757575,0.0,29,2,1405.0,canon,1405.0,False,3.4476868327402137,34.990894,42.65985,0.9468599,0.776643,0.13624537580924978,0.21003880598714905,0.909809725262294,0.5901641239612442,0.06480341747110545,0.09424420759839434,0.7135854306926439,0.4906696734459236,2.2382418216698676,3.737929726691645,1.540354933663077,0.9223519661488343,53.3125,37.61395348837209,0.5439624853458382,0.7709904785458144
중랑구,중화제1동,중화1동,37.602287,127.08315,True,2120,1832,1832,1811,15,326,1660,119,1889,231,36.006992,30.971476,63.70837860107422,0.1195414847161572,19.319187,13.187558,45.60125007629395,16.687804894468705,16.004841666666668,25.203861666666672,23.88657,16.611408,7.1119914,286,0.1349056603773585,0.016037735849056604,0.09150943396226414,0.027358490566037737,0.0,0.11888111888111888,0.6783216783216783,0.20279720279720279,0.0,74,3,880.0,canon,880.0,False,2.409090909090909,34.990894,42.65985,1.0290389,0.84404874,0.13624537580924978,0.21003880598714905,0.8773984732041193,0.569139993699408,0.06480341747110545,0.09424420759839434,1.41210815005345,0.9709820507188731,2.2382418216698676,3.737929726691645,1.076331826957633,0.6444987159304195,53.3125,37.61395348837209,1.388042203985932,1.9673550142203537
중랑구,중화제2동,중화2동,37.598724,127.07521,True,1791,1579,1579,1568,128,208,1214,241,1355,436,29.69761,24.440716,53.61195068359376,0.077897403419886,13.8501215,8.636333,34.660500335693364,15.847489624234749,14.914716666666667,25.209526666666665,18.882301,16.539349,5.616349,212,0.11836962590731434,0.036292573981016193,0.051926298157453935,0.03015075376884422,0.0,0.30660377358490565,0.4386792452830189,0.25471698113207547,0.0,74,3,1409.0,canon,1409.0,False,1.2711142654364798,34.990894,42.65985,0.84872395,0.69614893,0.13624537580924978,0.21003880598714905,0.5717434662072216,0.3708714827899567,0.06480341747110545,0.09424420759839434,0.8012895026810405,0.5509760173137539,2.2382418216698676,3.737929726691645,0.567907476810593,0.3400583634196659,53.3125,37.61395348837209,1.388042203985932,1.9673550142203537
